,project_id,talent_profile_id,favorite_object_type
0,152,102,TALENTPROFILE
1,316,92,TALENTPROFILE
2,334,105,TALENTPROFILE
3,207,106,TALENTPROFILE
4,621,96,TALENTPROFILE
5,261,96,TALENTPROFILE
6,748,106,TALENTPROFILE
7,546,103,TALENTPROFILE
8,520,106,TALENTPROFILE
9,157,105,TALENTPROFILE
10,950,112,TALENTPROFILE
11,697,93,TALENTPROFILE
12,23,98,TALENTPROFILE
13,754,110,TALENTPROFILE
14,161,101,TALENTPROFILE
15,163,114,TALENTPROFILE
16,807,99,TALENTPROFILE
17,591,98,TALENTPROFILE
18,236,98,TALENTPROFILE
19,100,97,TALENTPROFILE
20,568,119,TALENTPROFILE
21,509,119,TALENTPROFILE
22,909,110,TALENTPROFILE
23,292,105,TALENTPROFILE
24,703,118,TALENTPROFILE
25,248,115,TALENTPROFILE
26,821,108,TALENTPROFILE
27,791,116,TALENTPROFILE
28,520,108,TALENTPROFILE
29,314,118,TALENTPROFILE
30,298,105,TALENTPROFILE
31,207,116,TALENTPROFILE
32,362,108,TALENTPROFILE
33,667,115,TALENTPROFILE
34,175,117,TALENTPROFILE
35,643,91,TALENTPROFILE
36,958,102,TALENTPROFILE
37,502,97,TALENTPROFILE
38,678,105,TALENTPROFILE
39,367,95,TALENTPROFILE
40,49,116,TALENTPROFILE
41,651,96,TALENTPROFILE
42,67,97,TALENTPROFILE
43,431,109,TALENTPROFILE
44,221,102,TALENTPROFILE
45,799,115,TALENTPROFILE
46,446,103,TALENTPROFILE
47,622,105,TALENTPROFILE
48,368,106,TALENTPROFILE
49,284,116,TALENTPROFILE
50,16,107,TALENTPROFILE
51,177,99,TALENTPROFILE
52,520,95,TALENTPROFILE
53,401,119,TALENTPROFILE
54,870,100,TALENTPROFILE
55,170,98,TALENTPROFILE
56,435,95,TALENTPROFILE
57,707,112,TALENTPROFILE
58,785,119,TALENTPROFILE
59,773,116,TALENTPROFILE
0,989,120,TALENTPROFILE
1,293,109,TALENTPROFILE
2,327,112,TALENTPROFILE
3,719,104,TALENTPROFILE
4,473,113,TALENTPROFILE
5,188,99,TALENTPROFILE
6,921,111,TALENTPROFILE
7,328,116,TALENTPROFILE
8,276,117,TALENTPROFILE
9,762,93,TALENTPROFILE
10,555,115,TALENTPROFILE
11,600,114,TALENTPROFILE
12,388,92,TALENTPROFILE
13,462,103,TALENTPROFILE
14,323,107,TALENTPROFILE
15,530,97,TALENTPROFILE
16,467,119,TALENTPROFILE
17,70,98,TALENTPROFILE
18,187,113,TALENTPROFILE
19,343,114,TALENTPROFILE
20,638,101,TALENTPROFILE
21,460,91,TALENTPROFILE
22,149,120,TALENTPROFILE
23,382,92,TALENTPROFILE
24,63,99,TALENTPROFILE
25,486,102,TALENTPROFILE
26,689,94,TALENTPROFILE
27,3,114,TALENTPROFILE
28,686,109,TALENTPROFILE
29,375,95,TALENTPROFILE
30,979,99,TALENTPROFILE
31,273,98,TALENTPROFILE
32,735,112,TALENTPROFILE
33,281,101,TALENTPROFILE
34,556,97,TALENTPROFILE
35,895,96,TALENTPROFILE
36,576,100,TALENTPROFILE
37,479,104,TALENTPROFILE
38,564,114,TALENTPROFILE
39,900,107,TALENTPROFILE
40,445,117,TALENTPROFILE
41,551,94,TALENTPROFILE
42,674,110,TALENTPROFILE
43,454,104,TALENTPROFILE
44,243,109,TALENTPROFILE
45,921,115,TALENTPROFILE
46,327,96,TALENTPROFILE
47,486,120,TALENTPROFILE
48,42,104,TALENTPROFILE
49,276,114,TALENTPROFILE
50,54,102,TALENTPROFILE
51,642,115,TALENTPROFILE
52,68,102,TALENTPROFILE
53,696,106,TALENTPROFILE
54,984,103,TALENTPROFILE
55,280,93,TALENTPROFILE
56,541,94,TALENTPROFILE
57,921,113,TALENTPROFILE
58,128,109,TALENTPROFILE
59,541,115,TALENTPROFILE
60,335,98,TALENTPROFILE
61,556,115,TALENTPROFILE
62,112,99,TALENTPROFILE
63,736,106,TALENTPROFILE
64,7,98,TALENTPROFILE
65,628,99,TALENTPROFILE
66,69,114,TALENTPROFILE
67,918,113,TALENTPROFILE
68,483,101,TALENTPROFILE
69,884,95,TALENTPROFILE
70,878,115,TALENTPROFILE
71,629,114,TALENTPROFILE
72,275,111,TALENTPROFILE
73,479,103,TALENTPROFILE
74,262,118,TALENTPROFILE
75,587,93,TALENTPROFILE
76,638,110,TALENTPROFILE
77,148,110,TALENTPROFILE
78,172,113,TALENTPROFILE
79,662,95,TALENTPROFILE
80,650,105,TALENTPROFILE
81,279,120,TALENTPROFILE
82,524,117,TALENTPROFILE
83,654,108,TALENTPROFILE
84,339,102,TALENTPROFILE
85,628,93,TALENTPROFILE
86,572,101,TALENTPROFILE
87,987,111,TALENTPROFILE
88,307,95,TALENTPROFILE
89,844,109,TALENTPROFILE
90,187,109,TALENTPROFILE
92,826,108,TALENTPROFILE
93,286,107,TALENTPROFILE
94,108,118,TALENTPROFILE
95,480,117,TALENTPROFILE
96,403,96,TALENTPROFILE
97,543,94,TALENTPROFILE
98,931,100,TALENTPROFILE
99,224,92,TALENTPROFILE
100,564,97,TALENTPROFILE
101,940,109,TALENTPROFILE
102,449,92,TALENTPROFILE
103,706,102,TALENTPROFILE
104,960,99,TALENTPROFILE
105,333,120,TALENTPROFILE
106,70,120,TALENTPROFILE
107,303,116,TALENTPROFILE
108,888,103,TALENTPROFILE
109,642,91,TALENTPROFILE
110,689,119,TALENTPROFILE
111,113,117,TALENTPROFILE
112,327,119,TALENTPROFILE
113,582,100,TALENTPROFILE
114,747,119,TALENTPROFILE
115,426,104,TALENTPROFILE
116,495,111,TALENTPROFILE
117,505,100,TALENTPROFILE
118,307,106,TALENTPROFILE
119,335,100,TALENTPROFILE
120,996,116,TALENTPROFILE
121,257,111,TALENTPROFILE
122,641,118,TALENTPROFILE
123,524,101,TALENTPROFILE
124,124,93,TALENTPROFILE
125,720,96,TALENTPROFILE
126,555,120,TALENTPROFILE
127,837,102,TALENTPROFILE
128,134,92,TALENTPROFILE
129,946,115,TALENTPROFILE
130,515,98,TALENTPROFILE
131,731,99,TALENTPROFILE
132,273,92,TALENTPROFILE
133,670,116,TALENTPROFILE
134,766,101,TALENTPROFILE
135,961,96,TALENTPROFILE
136,112,111,TALENTPROFILE
137,55,93,TALENTPROFILE
138,761,96,TALENTPROFILE
139,662,108,TALENTPROFILE
140,555,107,TALENTPROFILE
141,715,117,TALENTPROFILE
142,327,115,TALENTPROFILE
143,243,117,TALENTPROFILE
144,71,109,TALENTPROFILE
145,497,108,TALENTPROFILE
146,309,93,TALENTPROFILE
147,826,110,TALENTPROFILE
148,720,113,TALENTPROFILE
149,479,119,TALENTPROFILE
151,309,112,TALENTPROFILE
152,471,112,TALENTPROFILE
153,472,112,TALENTPROFILE
154,356,107,TALENTPROFILE
155,906,109,TALENTPROFILE
156,238,110,TALENTPROFILE
157,696,95,TALENTPROFILE
158,407,103,TALENTPROFILE
159,931,98,TALENTPROFILE
160,816,91,TALENTPROFILE
161,901,117,TALENTPROFILE
162,486,119,TALENTPROFILE
163,426,107,TALENTPROFILE
164,766,118,TALENTPROFILE
165,319,107,TALENTPROFILE
166,939,120,TALENTPROFILE
167,657,97,TALENTPROFILE
168,271,110,TALENTPROFILE
169,939,111,TALENTPROFILE
170,932,108,TALENTPROFILE
171,192,96,TALENTPROFILE
172,303,105,TALENTPROFILE
173,433,112,TALENTPROFILE
174,371,113,TALENTPROFILE
175,69,92,TALENTPROFILE
176,625,98,TALENTPROFILE
177,679,116,TALENTPROFILE
178,571,117,TALENTPROFILE
179,744,105,TALENTPROFILE
180,935,91,TALENTPROFILE
181,280,94,TALENTPROFILE
182,394,95,TALENTPROFILE
183,559,107,TALENTPROFILE
184,905,107,TALENTPROFILE
185,724,108,TALENTPROFILE
186,888,106,TALENTPROFILE
187,695,91,TALENTPROFILE
188,452,93,TALENTPROFILE
189,366,98,TALENTPROFILE
190,949,102,TALENTPROFILE
191,320,110,TALENTPROFILE
192,664,120,TALENTPROFILE
193,495,115,TALENTPROFILE
194,189,99,TALENTPROFILE
195,858,117,TALENTPROFILE
196,210,119,TALENTPROFILE
197,385,108,TALENTPROFILE
198,82,113,TALENTPROFILE
199,206,100,TALENTPROFILE
200,812,106,TALENTPROFILE
201,63,110,TALENTPROFILE
202,524,97,TALENTPROFILE
203,309,92,TALENTPROFILE
204,445,114,TALENTPROFILE
205,339,120,TALENTPROFILE
206,865,91,TALENTPROFILE
207,727,108,TALENTPROFILE
208,895,95,TALENTPROFILE
209,916,114,TALENTPROFILE
210,970,113,TALENTPROFILE
211,736,97,TALENTPROFILE
212,351,97,TALENTPROFILE
213,243,115,TALENTPROFILE
214,588,115,TALENTPROFILE
215,996,91,TALENTPROFILE
217,349,98,TALENTPROFILE
218,987,105,TALENTPROFILE
219,461,98,TALENTPROFILE
220,939,103,TALENTPROFILE
221,448,94,TALENTPROFILE
222,762,120,TALENTPROFILE
223,559,110,TALENTPROFILE
224,541,112,TALENTPROFILE
225,426,116,TALENTPROFILE
226,7,114,TALENTPROFILE
227,969,103,TALENTPROFILE
228,319,99,TALENTPROFILE
229,351,103,TALENTPROFILE
230,224,102,TALENTPROFILE
231,592,103,TALENTPROFILE
232,838,100,TALENTPROFILE
233,371,93,TALENTPROFILE
234,96,113,TALENTPROFILE
235,461,94,TALENTPROFILE
236,731,115,TALENTPROFILE
237,823,100,TALENTPROFILE
238,403,119,TALENTPROFILE
239,594,94,TALENTPROFILE
0,462,31,TALENTPROFILE
1,438,39,TALENTPROFILE
2,995,39,TALENTPROFILE
3,847,58,TALENTPROFILE
4,542,50,TALENTPROFILE
5,206,32,TALENTPROFILE
6,335,40,TALENTPROFILE
7,965,33,TALENTPROFILE
8,460,43,TALENTPROFILE
9,832,33,TALENTPROFILE
10,553,46,TALENTPROFILE
11,379,31,TALENTPROFILE
12,195,44,TALENTPROFILE
13,657,60,TALENTPROFILE
14,750,34,TALENTPROFILE
15,808,41,TALENTPROFILE
16,477,31,TALENTPROFILE
17,358,52,TALENTPROFILE
18,467,37,TALENTPROFILE
19,545,33,TALENTPROFILE
20,422,35,TALENTPROFILE
21,615,36,TALENTPROFILE
22,688,52,TALENTPROFILE
23,116,51,TALENTPROFILE
24,385,38,TALENTPROFILE
25,759,36,TALENTPROFILE
26,798,48,TALENTPROFILE
27,224,45,TALENTPROFILE
28,171,60,TALENTPROFILE
29,290,50,TALENTPROFILE
30,808,59,TALENTPROFILE
31,1,46,TALENTPROFILE
32,967,44,TALENTPROFILE
33,109,59,TALENTPROFILE
34,993,45,TALENTPROFILE
35,271,35,TALENTPROFILE
36,480,39,TALENTPROFILE
37,3,36,TALENTPROFILE
38,736,33,TALENTPROFILE
39,974,37,TALENTPROFILE
40,679,53,TALENTPROFILE
41,185,43,TALENTPROFILE
42,746,52,TALENTPROFILE
43,79,51,TALENTPROFILE
44,424,41,TALENTPROFILE
45,1000,33,TALENTPROFILE
46,406,56,TALENTPROFILE
47,358,35,TALENTPROFILE
48,903,56,TALENTPROFILE
49,964,47,TALENTPROFILE
50,461,54,TALENTPROFILE
51,40,45,TALENTPROFILE
52,126,55,TALENTPROFILE
53,474,48,TALENTPROFILE
54,725,41,TALENTPROFILE
55,329,57,TALENTPROFILE
56,506,31,TALENTPROFILE
57,986,41,TALENTPROFILE
58,907,46,TALENTPROFILE
59,39,42,TALENTPROFILE
0,88,44,TALENTPROFILE
1,536,45,TALENTPROFILE
2,403,33,TALENTPROFILE
3,624,40,TALENTPROFILE
4,262,52,TALENTPROFILE
5,558,54,TALENTPROFILE
6,142,52,TALENTPROFILE
7,383,32,TALENTPROFILE
8,43,50,TALENTPROFILE
9,628,38,TALENTPROFILE
10,264,31,TALENTPROFILE
11,875,53,TALENTPROFILE
12,616,38,TALENTPROFILE
13,520,55,TALENTPROFILE
14,313,56,TALENTPROFILE
15,414,39,TALENTPROFILE
16,913,48,TALENTPROFILE
17,46,47,TALENTPROFILE
18,340,43,TALENTPROFILE
19,737,57,TALENTPROFILE
20,167,58,TALENTPROFILE
21,757,33,TALENTPROFILE
22,333,53,TALENTPROFILE
23,745,59,TALENTPROFILE
24,420,50,TALENTPROFILE
25,440,39,TALENTPROFILE
26,41,53,TALENTPROFILE
27,257,46,TALENTPROFILE
28,536,53,TALENTPROFILE
29,727,32,TALENTPROFILE
30,594,31,TALENTPROFILE
31,190,54,TALENTPROFILE
32,563,35,TALENTPROFILE
33,95,35,TALENTPROFILE
34,887,50,TALENTPROFILE
35,587,45,TALENTPROFILE
36,575,58,TALENTPROFILE
37,478,55,TALENTPROFILE
38,494,34,TALENTPROFILE
39,825,53,TALENTPROFILE
40,202,59,TALENTPROFILE
41,894,48,TALENTPROFILE
42,262,43,TALENTPROFILE
43,564,40,TALENTPROFILE
44,632,56,TALENTPROFILE
45,453,51,TALENTPROFILE
46,909,38,TALENTPROFILE
47,520,38,TALENTPROFILE
48,914,53,TALENTPROFILE
49,724,49,TALENTPROFILE
50,498,33,TALENTPROFILE
51,11,57,TALENTPROFILE
52,859,35,TALENTPROFILE
53,274,42,TALENTPROFILE
54,669,50,TALENTPROFILE
55,41,44,TALENTPROFILE
56,934,50,TALENTPROFILE
57,400,49,TALENTPROFILE
58,635,35,TALENTPROFILE
59,735,54,TALENTPROFILE
60,400,31,TALENTPROFILE
61,73,34,TALENTPROFILE
62,485,32,TALENTPROFILE
63,69,40,TALENTPROFILE
64,509,44,TALENTPROFILE
65,994,59,TALENTPROFILE
66,768,55,TALENTPROFILE
67,429,53,TALENTPROFILE
68,913,43,TALENTPROFILE
69,247,48,TALENTPROFILE
70,419,45,TALENTPROFILE
71,909,57,TALENTPROFILE
72,69,45,TALENTPROFILE
73,495,54,TALENTPROFILE
74,635,60,TALENTPROFILE
75,596,44,TALENTPROFILE
76,801,51,TALENTPROFILE
77,311,55,TALENTPROFILE
78,976,58,TALENTPROFILE
79,628,54,TALENTPROFILE
80,285,33,TALENTPROFILE
81,165,50,TALENTPROFILE
82,11,44,TALENTPROFILE
83,988,47,TALENTPROFILE
84,307,35,TALENTPROFILE
85,704,42,TALENTPROFILE
86,218,31,TALENTPROFILE
87,311,53,TALENTPROFILE
88,979,40,TALENTPROFILE
89,713,56,TALENTPROFILE
90,436,60,TALENTPROFILE
91,849,47,TALENTPROFILE
92,42,52,TALENTPROFILE
93,944,35,TALENTPROFILE
94,348,41,TALENTPROFILE
95,822,49,TALENTPROFILE
96,85,60,TALENTPROFILE
97,503,41,TALENTPROFILE
98,751,51,TALENTPROFILE
99,705,46,TALENTPROFILE
100,105,45,TALENTPROFILE
101,774,43,TALENTPROFILE
102,339,31,TALENTPROFILE
103,253,42,TALENTPROFILE
104,447,51,TALENTPROFILE
105,862,39,TALENTPROFILE
106,844,49,TALENTPROFILE
107,414,34,TALENTPROFILE
108,627,60,TALENTPROFILE
109,102,48,TALENTPROFILE
110,247,60,TALENTPROFILE
111,248,40,TALENTPROFILE
112,805,42,TALENTPROFILE
113,119,43,TALENTPROFILE
114,778,52,TALENTPROFILE
115,275,40,TALENTPROFILE
116,105,56,TALENTPROFILE
117,878,39,TALENTPROFILE
118,258,55,TALENTPROFILE
119,621,45,TALENTPROFILE
120,447,42,TALENTPROFILE
121,53,49,TALENTPROFILE
122,447,49,TALENTPROFILE
123,443,58,TALENTPROFILE
124,621,40,TALENTPROFILE
125,252,49,TALENTPROFILE
126,723,31,TALENTPROFILE
127,797,37,TALENTPROFILE
128,366,33,TALENTPROFILE
129,373,48,TALENTPROFILE
130,623,54,TALENTPROFILE
131,524,40,TALENTPROFILE
132,29,52,TALENTPROFILE
133,205,43,TALENTPROFILE
134,237,40,TALENTPROFILE
135,468,52,TALENTPROFILE
136,612,50,TALENTPROFILE
137,753,46,TALENTPROFILE
138,43,49,TALENTPROFILE
139,41,60,TALENTPROFILE
140,904,37,TALENTPROFILE
141,52,56,TALENTPROFILE
142,766,57,TALENTPROFILE
143,789,60,TALENTPROFILE
145,727,41,TALENTPROFILE
146,728,52,TALENTPROFILE
147,269,52,TALENTPROFILE
148,789,50,TALENTPROFILE
149,373,34,TALENTPROFILE
150,83,48,TALENTPROFILE
151,569,40,TALENTPROFILE
152,935,35,TALENTPROFILE
153,383,40,TALENTPROFILE
154,914,45,TALENTPROFILE
155,677,41,TALENTPROFILE
156,626,52,TALENTPROFILE
157,840,39,TALENTPROFILE
158,859,49,TALENTPROFILE
159,669,49,TALENTPROFILE
160,849,58,TALENTPROFILE
161,854,32,TALENTPROFILE
162,314,49,TALENTPROFILE
163,6,57,TALENTPROFILE
164,612,52,TALENTPROFILE
165,34,54,TALENTPROFILE
166,324,40,TALENTPROFILE
167,822,31,TALENTPROFILE
168,863,55,TALENTPROFILE
169,669,52,TALENTPROFILE
170,366,60,TALENTPROFILE
171,728,35,TALENTPROFILE
172,262,50,TALENTPROFILE
173,788,44,TALENTPROFILE
174,714,36,TALENTPROFILE
175,16,32,TALENTPROFILE
176,6,54,TALENTPROFILE
177,114,34,TALENTPROFILE
178,264,54,TALENTPROFILE
179,167,60,TALENTPROFILE
180,567,38,TALENTPROFILE
181,870,59,TALENTPROFILE
182,849,51,TALENTPROFILE
183,882,35,TALENTPROFILE
184,275,54,TALENTPROFILE
185,503,52,TALENTPROFILE
186,361,56,TALENTPROFILE
187,825,44,TALENTPROFILE
188,970,52,TALENTPROFILE
189,926,53,TALENTPROFILE
190,442,56,TALENTPROFILE
191,719,37,TALENTPROFILE
192,999,38,TALENTPROFILE
193,408,40,TALENTPROFILE
194,871,39,TALENTPROFILE
195,519,49,TALENTPROFILE
196,777,54,TALENTPROFILE
197,531,40,TALENTPROFILE
198,520,39,TALENTPROFILE
199,253,51,TALENTPROFILE
200,377,53,TALENTPROFILE
201,777,33,TALENTPROFILE
202,628,53,TALENTPROFILE
204,383,56,TALENTPROFILE
205,878,53,TALENTPROFILE
206,25,38,TALENTPROFILE
207,826,59,TALENTPROFILE
208,631,42,TALENTPROFILE
209,472,46,TALENTPROFILE
210,909,35,TALENTPROFILE
211,102,60,TALENTPROFILE
212,102,32,TALENTPROFILE
213,400,57,TALENTPROFILE
214,890,57,TALENTPROFILE
215,415,38,TALENTPROFILE
216,666,53,TALENTPROFILE
217,366,38,TALENTPROFILE
218,772,45,TALENTPROFILE
219,719,38,TALENTPROFILE
220,524,31,TALENTPROFILE
221,142,57,TALENTPROFILE
223,994,57,TALENTPROFILE
224,38,50,TALENTPROFILE
225,45,31,TALENTPROFILE
226,509,38,TALENTPROFILE
227,352,37,TALENTPROFILE
228,510,40,TALENTPROFILE
229,262,54,TALENTPROFILE
230,38,57,TALENTPROFILE
231,45,47,TALENTPROFILE
232,999,48,TALENTPROFILE
233,72,52,TALENTPROFILE
234,380,56,TALENTPROFILE
235,258,49,TALENTPROFILE
236,912,58,TALENTPROFILE
237,988,55,TALENTPROFILE
238,920,60,TALENTPROFILE
239,522,43,TALENTPROFILE
0,203,2,TALENTPROFILE
1,172,21,TALENTPROFILE
2,478,29,TALENTPROFILE
3,532,18,TALENTPROFILE
4,198,1,TALENTPROFILE
5,294,16,TALENTPROFILE
6,358,17,TALENTPROFILE
7,13,17,TALENTPROFILE
8,637,5,TALENTPROFILE
9,407,21,TALENTPROFILE
10,635,2,TALENTPROFILE
11,737,1,TALENTPROFILE
12,280,5,TALENTPROFILE
13,744,30,TALENTPROFILE
14,441,22,TALENTPROFILE
15,659,22,TALENTPROFILE
16,57,20,TALENTPROFILE
17,619,10,TALENTPROFILE
18,175,24,TALENTPROFILE
19,792,13,TALENTPROFILE
20,612,9,TALENTPROFILE
21,21,17,TALENTPROFILE
22,728,20,TALENTPROFILE
23,999,19,TALENTPROFILE
24,412,27,TALENTPROFILE
25,272,6,TALENTPROFILE
26,287,8,TALENTPROFILE
27,286,20,TALENTPROFILE
28,648,19,TALENTPROFILE
29,441,24,TALENTPROFILE
30,714,10,TALENTPROFILE
31,183,17,TALENTPROFILE
32,628,5,TALENTPROFILE
33,266,7,TALENTPROFILE
34,639,3,TALENTPROFILE
35,846,29,TALENTPROFILE
36,636,12,TALENTPROFILE
37,725,29,TALENTPROFILE
38,286,29,TALENTPROFILE
39,938,25,TALENTPROFILE
40,724,30,TALENTPROFILE
41,977,14,TALENTPROFILE
42,825,16,TALENTPROFILE
43,437,28,TALENTPROFILE
44,20,5,TALENTPROFILE
45,705,16,TALENTPROFILE
46,34,25,TALENTPROFILE
47,395,29,TALENTPROFILE
48,332,18,TALENTPROFILE
49,757,26,TALENTPROFILE
50,367,4,TALENTPROFILE
51,300,18,TALENTPROFILE
52,543,7,TALENTPROFILE
53,40,16,TALENTPROFILE
54,637,15,TALENTPROFILE
55,258,20,TALENTPROFILE
56,279,23,TALENTPROFILE
57,151,22,TALENTPROFILE
58,745,5,TALENTPROFILE
59,464,28,TALENTPROFILE
0,191,29,TALENTPROFILE
1,96,13,TALENTPROFILE
2,681,28,TALENTPROFILE
3,245,14,TALENTPROFILE
4,197,23,TALENTPROFILE
5,456,15,TALENTPROFILE
6,483,10,TALENTPROFILE
7,995,30,TALENTPROFILE
8,123,5,TALENTPROFILE
9,998,4,TALENTPROFILE
10,568,4,TALENTPROFILE
11,667,4,TALENTPROFILE
12,492,29,TALENTPROFILE
13,265,5,TALENTPROFILE
14,465,13,TALENTPROFILE
15,700,1,TALENTPROFILE
16,133,8,TALENTPROFILE
17,149,28,TALENTPROFILE
18,47,17,TALENTPROFILE
19,741,5,TALENTPROFILE
20,910,22,TALENTPROFILE
21,254,6,TALENTPROFILE
22,5,10,TALENTPROFILE
23,820,27,TALENTPROFILE
24,282,9,TALENTPROFILE
25,821,28,TALENTPROFILE
26,544,6,TALENTPROFILE
27,214,5,TALENTPROFILE
28,141,21,TALENTPROFILE
29,895,25,TALENTPROFILE
30,232,22,TALENTPROFILE
31,438,19,TALENTPROFILE
32,641,5,TALENTPROFILE
33,256,4,TALENTPROFILE
34,707,23,TALENTPROFILE
35,686,12,TALENTPROFILE
36,331,24,TALENTPROFILE
37,141,5,TALENTPROFILE
38,191,10,TALENTPROFILE
39,481,13,TALENTPROFILE
40,27,9,TALENTPROFILE
41,760,6,TALENTPROFILE
42,829,1,TALENTPROFILE
43,446,18,TALENTPROFILE
44,1000,21,TALENTPROFILE
45,682,9,TALENTPROFILE
46,428,4,TALENTPROFILE
47,291,19,TALENTPROFILE
48,712,12,TALENTPROFILE
49,67,6,TALENTPROFILE
50,678,11,TALENTPROFILE
51,794,29,TALENTPROFILE
52,681,13,TALENTPROFILE
53,694,9,TALENTPROFILE
54,501,7,TALENTPROFILE
55,486,7,TALENTPROFILE
56,471,11,TALENTPROFILE
57,557,7,TALENTPROFILE
58,27,15,TALENTPROFILE
59,291,3,TALENTPROFILE
60,33,1,TALENTPROFILE
61,301,12,TALENTPROFILE
62,110,4,TALENTPROFILE
63,108,1,TALENTPROFILE
64,998,23,TALENTPROFILE
65,733,18,TALENTPROFILE
66,538,1,TALENTPROFILE
67,609,19,TALENTPROFILE
68,63,4,TALENTPROFILE
69,15,27,TALENTPROFILE
70,770,10,TALENTPROFILE
71,525,25,TALENTPROFILE
72,989,15,TALENTPROFILE
73,641,3,TALENTPROFILE
74,32,4,TALENTPROFILE
75,528,5,TALENTPROFILE
76,969,1,TALENTPROFILE
77,191,19,TALENTPROFILE
78,700,10,TALENTPROFILE
79,995,7,TALENTPROFILE
80,614,8,TALENTPROFILE
81,695,21,TALENTPROFILE
82,356,10,TALENTPROFILE
83,634,15,TALENTPROFILE
84,739,11,TALENTPROFILE
85,873,4,TALENTPROFILE
86,562,10,TALENTPROFILE
87,852,5,TALENTPROFILE
88,331,9,TALENTPROFILE
89,715,5,TALENTPROFILE
90,962,28,TALENTPROFILE
91,501,29,TALENTPROFILE
92,600,17,TALENTPROFILE
93,337,14,TALENTPROFILE
94,291,13,TALENTPROFILE
95,717,1,TALENTPROFILE
96,514,8,TALENTPROFILE
97,965,9,TALENTPROFILE
98,480,18,TALENTPROFILE
99,473,8,TALENTPROFILE
100,986,21,TALENTPROFILE
101,775,16,TALENTPROFILE
102,291,23,TALENTPROFILE
103,141,18,TALENTPROFILE
104,80,15,TALENTPROFILE
105,718,7,TALENTPROFILE
106,61,10,TALENTPROFILE
107,260,29,TALENTPROFILE
108,263,14,TALENTPROFILE
109,189,22,TALENTPROFILE
110,471,8,TALENTPROFILE
111,131,27,TALENTPROFILE
112,839,8,TALENTPROFILE
113,35,11,TALENTPROFILE
114,481,8,TALENTPROFILE
115,245,25,TALENTPROFILE
116,633,23,TALENTPROFILE
117,399,10,TALENTPROFILE
118,985,11,TALENTPROFILE
119,7,30,TALENTPROFILE
120,615,29,TALENTPROFILE
121,134,19,TALENTPROFILE
122,161,4,TALENTPROFILE
123,369,1,TALENTPROFILE
124,397,13,TALENTPROFILE
125,559,29,TALENTPROFILE
126,828,4,TALENTPROFILE
127,44,15,TALENTPROFILE
128,260,13,TALENTPROFILE
129,545,8,TALENTPROFILE
130,661,17,TALENTPROFILE
131,254,18,TALENTPROFILE
132,416,28,TALENTPROFILE
133,456,17,TALENTPROFILE
134,759,13,TALENTPROFILE
135,335,10,TALENTPROFILE
136,897,8,TALENTPROFILE
137,874,16,TALENTPROFILE
138,338,16,TALENTPROFILE
139,557,2,TALENTPROFILE
140,192,16,TALENTPROFILE
141,770,22,TALENTPROFILE
142,861,29,TALENTPROFILE
143,694,25,TALENTPROFILE
144,27,14,TALENTPROFILE
145,409,18,TALENTPROFILE
146,609,14,TALENTPROFILE
147,820,14,TALENTPROFILE
148,113,18,TALENTPROFILE
149,449,18,TALENTPROFILE
150,120,23,TALENTPROFILE
151,335,25,TALENTPROFILE
152,872,1,TALENTPROFILE
153,256,5,TALENTPROFILE
154,649,22,TALENTPROFILE
155,342,19,TALENTPROFILE
156,888,8,TALENTPROFILE
157,446,30,TALENTPROFILE
158,123,28,TALENTPROFILE
159,511,25,TALENTPROFILE
160,545,3,TALENTPROFILE
161,688,10,TALENTPROFILE
162,320,2,TALENTPROFILE
163,560,14,TALENTPROFILE
164,695,23,TALENTPROFILE
165,350,28,TALENTPROFILE
166,309,2,TALENTPROFILE
167,196,30,TALENTPROFILE
168,930,20,TALENTPROFILE
169,378,9,TALENTPROFILE
170,967,4,TALENTPROFILE
171,299,18,TALENTPROFILE
172,180,1,TALENTPROFILE
173,742,20,TALENTPROFILE
174,22,29,TALENTPROFILE
175,110,19,TALENTPROFILE
176,428,7,TALENTPROFILE
177,739,12,TALENTPROFILE
178,828,10,TALENTPROFILE
179,566,20,TALENTPROFILE
180,191,21,TALENTPROFILE
181,559,22,TALENTPROFILE
182,484,8,TALENTPROFILE
183,107,5,TALENTPROFILE
184,97,29,TALENTPROFILE
185,670,5,TALENTPROFILE
186,902,30,TALENTPROFILE
188,682,15,TALENTPROFILE
189,91,25,TALENTPROFILE
190,962,2,TALENTPROFILE
191,47,1,TALENTPROFILE
192,652,26,TALENTPROFILE
193,821,1,TALENTPROFILE
194,848,19,TALENTPROFILE
195,444,1,TALENTPROFILE
196,698,8,TALENTPROFILE
197,282,24,TALENTPROFILE
198,254,29,TALENTPROFILE
199,989,9,TALENTPROFILE
200,722,15,TALENTPROFILE
201,804,2,TALENTPROFILE
202,993,21,TALENTPROFILE
203,281,15,TALENTPROFILE
204,8,10,TALENTPROFILE
205,64,26,TALENTPROFILE
206,465,30,TALENTPROFILE
207,860,18,TALENTPROFILE
208,120,20,TALENTPROFILE
209,872,18,TALENTPROFILE
210,559,14,TALENTPROFILE
211,674,6,TALENTPROFILE
212,179,2,TALENTPROFILE
213,492,27,TALENTPROFILE
214,354,3,TALENTPROFILE
215,560,9,TALENTPROFILE
216,741,19,TALENTPROFILE
217,692,24,TALENTPROFILE
218,242,4,TALENTPROFILE
219,664,15,TALENTPROFILE
220,484,18,TALENTPROFILE
221,474,29,TALENTPROFILE
222,323,9,TALENTPROFILE
223,949,22,TALENTPROFILE
224,32,9,TALENTPROFILE
225,931,27,TALENTPROFILE
226,869,7,TALENTPROFILE
227,113,22,TALENTPROFILE
228,117,16,TALENTPROFILE
229,7,3,TALENTPROFILE
230,951,3,TALENTPROFILE
231,178,3,TALENTPROFILE
232,164,23,TALENTPROFILE
233,35,16,TALENTPROFILE
234,969,9,TALENTPROFILE
235,309,23,TALENTPROFILE
236,378,21,TALENTPROFILE
237,397,4,TALENTPROFILE
238,92,26,TALENTPROFILE
239,700,24,TALENTPROFILE
0,971,68,TALENTPROFILE
1,199,77,TALENTPROFILE
2,7,90,TALENTPROFILE
3,655,67,TALENTPROFILE
4,710,61,TALENTPROFILE
5,76,89,TALENTPROFILE
6,589,87,TALENTPROFILE
7,185,88,TALENTPROFILE
8,882,68,TALENTPROFILE
9,688,78,TALENTPROFILE
10,108,86,TALENTPROFILE
11,690,76,TALENTPROFILE
12,789,85,TALENTPROFILE
13,16,75,TALENTPROFILE
14,440,61,TALENTPROFILE
15,659,71,TALENTPROFILE
16,373,81,TALENTPROFILE
17,962,71,TALENTPROFILE
18,950,90,TALENTPROFILE
19,360,75,TALENTPROFILE
20,957,82,TALENTPROFILE
21,417,68,TALENTPROFILE
22,870,71,TALENTPROFILE
23,962,63,TALENTPROFILE
24,790,72,TALENTPROFILE
25,680,64,TALENTPROFILE
26,235,75,TALENTPROFILE
27,382,80,TALENTPROFILE
28,16,61,TALENTPROFILE
29,478,88,TALENTPROFILE
30,254,75,TALENTPROFILE
31,434,71,TALENTPROFILE
32,281,72,TALENTPROFILE
33,230,73,TALENTPROFILE
34,509,61,TALENTPROFILE
35,587,80,TALENTPROFILE
36,650,89,TALENTPROFILE
37,503,83,TALENTPROFILE
38,789,90,TALENTPROFILE
39,426,85,TALENTPROFILE
40,820,90,TALENTPROFILE
41,478,68,TALENTPROFILE
42,718,78,TALENTPROFILE
43,664,88,TALENTPROFILE
44,313,69,TALENTPROFILE
45,118,63,TALENTPROFILE
46,652,75,TALENTPROFILE
47,525,71,TALENTPROFILE
48,663,85,TALENTPROFILE
49,943,72,TALENTPROFILE
50,633,76,TALENTPROFILE
51,7,73,TALENTPROFILE
52,237,64,TALENTPROFILE
53,986,89,TALENTPROFILE
54,753,89,TALENTPROFILE
55,442,65,TALENTPROFILE
56,165,86,TALENTPROFILE
57,369,79,TALENTPROFILE
58,210,63,TALENTPROFILE
59,523,64,TALENTPROFILE
0,40,88,TALENTPROFILE
1,371,89,TALENTPROFILE
2,272,74,TALENTPROFILE
3,160,63,TALENTPROFILE
4,151,69,TALENTPROFILE
5,212,74,TALENTPROFILE
6,595,61,TALENTPROFILE
7,103,89,TALENTPROFILE
8,937,77,TALENTPROFILE
9,590,88,TALENTPROFILE
10,368,79,TALENTPROFILE
11,370,81,TALENTPROFILE
12,219,74,TALENTPROFILE
13,625,82,TALENTPROFILE
14,532,63,TALENTPROFILE
15,905,71,TALENTPROFILE
16,547,75,TALENTPROFILE
17,2,68,TALENTPROFILE
18,806,64,TALENTPROFILE
19,726,80,TALENTPROFILE
20,296,66,TALENTPROFILE
21,418,65,TALENTPROFILE
22,402,86,TALENTPROFILE
23,231,71,TALENTPROFILE
24,79,77,TALENTPROFILE
25,924,90,TALENTPROFILE
26,404,70,TALENTPROFILE
27,901,77,TALENTPROFILE
28,595,78,TALENTPROFILE
29,476,86,TALENTPROFILE
30,99,68,TALENTPROFILE
31,351,67,TALENTPROFILE
32,987,76,TALENTPROFILE
33,143,82,TALENTPROFILE
34,351,61,TALENTPROFILE
35,582,76,TALENTPROFILE
36,234,75,TALENTPROFILE
37,425,81,TALENTPROFILE
38,785,89,TALENTPROFILE
39,294,67,TALENTPROFILE
40,293,88,TALENTPROFILE
41,898,64,TALENTPROFILE
42,371,84,TALENTPROFILE
43,280,83,TALENTPROFILE
44,500,87,TALENTPROFILE
45,896,84,TALENTPROFILE
46,756,69,TALENTPROFILE
47,368,81,TALENTPROFILE
48,605,62,TALENTPROFILE
49,462,68,TALENTPROFILE
50,648,86,TALENTPROFILE
51,808,78,TALENTPROFILE
52,368,90,TALENTPROFILE
53,946,84,TALENTPROFILE
54,507,90,TALENTPROFILE
55,830,68,TALENTPROFILE
56,611,75,TALENTPROFILE
57,981,65,TALENTPROFILE
58,580,85,TALENTPROFILE
59,533,80,TALENTPROFILE
60,629,73,TALENTPROFILE
61,725,86,TALENTPROFILE
62,20,82,TALENTPROFILE
63,991,72,TALENTPROFILE
64,765,71,TALENTPROFILE
65,212,69,TALENTPROFILE
66,880,67,TALENTPROFILE
67,40,67,TALENTPROFILE
68,65,76,TALENTPROFILE
69,691,74,TALENTPROFILE
70,121,62,TALENTPROFILE
71,162,63,TALENTPROFILE
72,203,72,TALENTPROFILE
74,711,89,TALENTPROFILE
75,827,83,TALENTPROFILE
76,992,84,TALENTPROFILE
77,833,69,TALENTPROFILE
78,750,63,TALENTPROFILE
79,547,68,TALENTPROFILE
80,730,89,TALENTPROFILE
81,371,78,TALENTPROFILE
82,55,70,TALENTPROFILE
83,437,71,TALENTPROFILE
84,956,74,TALENTPROFILE
85,212,75,TALENTPROFILE
86,625,74,TALENTPROFILE
87,584,70,TALENTPROFILE
88,463,64,TALENTPROFILE
89,703,89,TALENTPROFILE
90,121,89,TALENTPROFILE
91,810,75,TALENTPROFILE
92,791,72,TALENTPROFILE
93,194,82,TALENTPROFILE
94,917,79,TALENTPROFILE
95,137,72,TALENTPROFILE
96,977,83,TALENTPROFILE
97,54,71,TALENTPROFILE
98,583,84,TALENTPROFILE
99,14,88,TALENTPROFILE
100,823,79,TALENTPROFILE
101,765,67,TALENTPROFILE
102,329,68,TALENTPROFILE
103,336,75,TALENTPROFILE
104,143,71,TALENTPROFILE
105,990,71,TALENTPROFILE
106,347,81,TALENTPROFILE
107,169,77,TALENTPROFILE
108,195,77,TALENTPROFILE
109,721,78,TALENTPROFILE
110,532,74,TALENTPROFILE
111,961,64,TALENTPROFILE
112,405,61,TALENTPROFILE
113,351,65,TALENTPROFILE
114,293,74,TALENTPROFILE
115,512,80,TALENTPROFILE
116,937,64,TALENTPROFILE
117,756,89,TALENTPROFILE
118,780,67,TALENTPROFILE
119,981,61,TALENTPROFILE
120,487,85,TALENTPROFILE
121,593,82,TALENTPROFILE
122,143,66,TALENTPROFILE
123,221,72,TALENTPROFILE
124,229,72,TALENTPROFILE
125,138,77,TALENTPROFILE
126,144,74,TALENTPROFILE
127,642,85,TALENTPROFILE
128,711,83,TALENTPROFILE
129,124,84,TALENTPROFILE
130,300,84,TALENTPROFILE
131,317,75,TALENTPROFILE
132,115,85,TALENTPROFILE
133,216,75,TALENTPROFILE
134,830,83,TALENTPROFILE
135,194,70,TALENTPROFILE
136,71,76,TALENTPROFILE
137,577,65,TALENTPROFILE
138,756,76,TALENTPROFILE
139,224,64,TALENTPROFILE
140,952,69,TALENTPROFILE
141,65,71,TALENTPROFILE
142,425,84,TALENTPROFILE
143,286,74,TALENTPROFILE
144,640,79,TALENTPROFILE
145,28,63,TALENTPROFILE
146,917,78,TALENTPROFILE
147,572,68,TALENTPROFILE
148,57,64,TALENTPROFILE
149,617,90,TALENTPROFILE
150,162,67,TALENTPROFILE
151,729,73,TALENTPROFILE
152,305,71,TALENTPROFILE
153,249,78,TALENTPROFILE
154,184,75,TALENTPROFILE
155,375,65,TALENTPROFILE
156,487,62,TALENTPROFILE
157,170,76,TALENTPROFILE
158,784,90,TALENTPROFILE
159,357,90,TALENTPROFILE
160,601,76,TALENTPROFILE
161,533,77,TALENTPROFILE
162,923,89,TALENTPROFILE
163,570,63,TALENTPROFILE
164,143,74,TALENTPROFILE
165,103,64,TALENTPROFILE
166,349,77,TALENTPROFILE
167,629,87,TALENTPROFILE
168,306,84,TALENTPROFILE
169,318,80,TALENTPROFILE
170,68,86,TALENTPROFILE
171,65,67,TALENTPROFILE
172,101,83,TALENTPROFILE
173,653,89,TALENTPROFILE
174,477,64,TALENTPROFILE
175,831,79,TALENTPROFILE
176,506,73,TALENTPROFILE
177,209,78,TALENTPROFILE
178,432,61,TALENTPROFILE
179,884,64,TALENTPROFILE
180,651,71,TALENTPROFILE
181,150,87,TALENTPROFILE
182,318,81,TALENTPROFILE
183,880,64,TALENTPROFILE
184,243,78,TALENTPROFILE
185,144,65,TALENTPROFILE
186,711,73,TALENTPROFILE
187,991,77,TALENTPROFILE
188,740,62,TALENTPROFILE
189,13,90,TALENTPROFILE
190,889,61,TALENTPROFILE
191,387,66,TALENTPROFILE
192,676,84,TALENTPROFILE
193,39,87,TALENTPROFILE
194,877,80,TALENTPROFILE
195,922,90,TALENTPROFILE
196,209,89,TALENTPROFILE
197,454,83,TALENTPROFILE
198,55,84,TALENTPROFILE
199,57,63,TALENTPROFILE
200,65,66,TALENTPROFILE
201,942,74,TALENTPROFILE
202,952,81,TALENTPROFILE
203,919,64,TALENTPROFILE
204,101,87,TALENTPROFILE
205,747,73,TALENTPROFILE
206,866,84,TALENTPROFILE
207,997,80,TALENTPROFILE
208,402,64,TALENTPROFILE
209,239,74,TALENTPROFILE
210,570,82,TALENTPROFILE
211,535,83,TALENTPROFILE
212,547,80,TALENTPROFILE
213,906,64,TALENTPROFILE
214,808,85,TALENTPROFILE
215,599,72,TALENTPROFILE
216,326,77,TALENTPROFILE
217,461,63,TALENTPROFILE
218,441,88,TALENTPROFILE
219,991,74,TALENTPROFILE
220,325,85,TALENTPROFILE
221,198,88,TALENTPROFILE
222,158,78,TALENTPROFILE
223,462,73,TALENTPROFILE
225,901,82,TALENTPROFILE
226,209,76,TALENTPROFILE
227,966,74,TALENTPROFILE
228,824,75,TALENTPROFILE
229,411,90,TALENTPROFILE
230,329,71,TALENTPROFILE
231,824,62,TALENTPROFILE
232,152,63,TALENTPROFILE
233,830,82,TALENTPROFILE
234,55,67,TALENTPROFILE
235,806,75,TALENTPROFILE
236,647,77,TALENTPROFILE
237,217,81,TALENTPROFILE
238,276,86,TALENTPROFILE
239,963,62,TALENTPROFILE
0,397,156,TALENTPROFILE
1,535,180,TALENTPROFILE
2,125,155,TALENTPROFILE
3,295,167,TALENTPROFILE
4,334,167,TALENTPROFILE
5,848,173,TALENTPROFILE
6,261,163,TALENTPROFILE
7,897,152,TALENTPROFILE
8,803,179,TALENTPROFILE
9,707,175,TALENTPROFILE
10,235,168,TALENTPROFILE
11,663,153,TALENTPROFILE
12,109,179,TALENTPROFILE
13,742,159,TALENTPROFILE
14,495,168,TALENTPROFILE
15,860,169,TALENTPROFILE
16,600,155,TALENTPROFILE
17,760,167,TALENTPROFILE
18,463,159,TALENTPROFILE
19,543,170,TALENTPROFILE
20,503,174,TALENTPROFILE
21,794,175,TALENTPROFILE
22,735,159,TALENTPROFILE
23,840,171,TALENTPROFILE
24,47,163,TALENTPROFILE
25,290,177,TALENTPROFILE
26,940,178,TALENTPROFILE
27,996,161,TALENTPROFILE
28,84,164,TALENTPROFILE
29,983,178,TALENTPROFILE
30,633,170,TALENTPROFILE
31,173,155,TALENTPROFILE
32,719,175,TALENTPROFILE
33,626,165,TALENTPROFILE
34,313,171,TALENTPROFILE
35,36,159,TALENTPROFILE
36,991,159,TALENTPROFILE
37,794,160,TALENTPROFILE
38,889,154,TALENTPROFILE
39,737,155,TALENTPROFILE
40,609,178,TALENTPROFILE
41,7,164,TALENTPROFILE
42,88,155,TALENTPROFILE
43,447,164,TALENTPROFILE
44,655,153,TALENTPROFILE
45,936,159,TALENTPROFILE
46,691,154,TALENTPROFILE
47,158,156,TALENTPROFILE
48,514,154,TALENTPROFILE
49,824,153,TALENTPROFILE
50,488,168,TALENTPROFILE
51,385,178,TALENTPROFILE
52,869,169,TALENTPROFILE
53,52,175,TALENTPROFILE
54,845,164,TALENTPROFILE
55,322,172,TALENTPROFILE
56,284,163,TALENTPROFILE
57,697,152,TALENTPROFILE
58,774,164,TALENTPROFILE
59,951,165,TALENTPROFILE
0,61,164,TALENTPROFILE
1,464,158,TALENTPROFILE
2,267,174,TALENTPROFILE
3,268,174,TALENTPROFILE
4,273,156,TALENTPROFILE
5,145,169,TALENTPROFILE
6,444,180,TALENTPROFILE
7,326,157,TALENTPROFILE
8,82,153,TALENTPROFILE
9,396,179,TALENTPROFILE
10,755,175,TALENTPROFILE
11,224,176,TALENTPROFILE
12,572,176,TALENTPROFILE
13,372,166,TALENTPROFILE
14,999,157,TALENTPROFILE
15,186,154,TALENTPROFILE
16,613,166,TALENTPROFILE
17,205,178,TALENTPROFILE
18,197,156,TALENTPROFILE
19,690,173,TALENTPROFILE
20,572,168,TALENTPROFILE
21,48,155,TALENTPROFILE
22,264,175,TALENTPROFILE
23,830,176,TALENTPROFILE
24,14,167,TALENTPROFILE
25,578,159,TALENTPROFILE
26,836,158,TALENTPROFILE
27,150,163,TALENTPROFILE
28,50,151,TALENTPROFILE
29,856,154,TALENTPROFILE
30,870,179,TALENTPROFILE
31,978,178,TALENTPROFILE
32,55,153,TALENTPROFILE
33,978,166,TALENTPROFILE
34,598,152,TALENTPROFILE
35,856,170,TALENTPROFILE
36,241,176,TALENTPROFILE
37,713,152,TALENTPROFILE
38,637,160,TALENTPROFILE
39,493,153,TALENTPROFILE
40,50,157,TALENTPROFILE
41,363,174,TALENTPROFILE
42,247,162,TALENTPROFILE
43,639,160,TALENTPROFILE
44,961,172,TALENTPROFILE
45,403,177,TALENTPROFILE
46,10,180,TALENTPROFILE
47,761,167,TALENTPROFILE
48,272,172,TALENTPROFILE
49,138,173,TALENTPROFILE
50,32,165,TALENTPROFILE
51,402,153,TALENTPROFILE
52,370,165,TALENTPROFILE
53,339,177,TALENTPROFILE
54,181,167,TALENTPROFILE
55,206,167,TALENTPROFILE
56,713,171,TALENTPROFILE
57,515,176,TALENTPROFILE
58,870,153,TALENTPROFILE
59,625,151,TALENTPROFILE
60,685,166,TALENTPROFILE
61,714,173,TALENTPROFILE
62,78,180,TALENTPROFILE
63,469,152,TALENTPROFILE
64,517,157,TALENTPROFILE
66,738,180,TALENTPROFILE
67,637,163,TALENTPROFILE
68,66,162,TALENTPROFILE
69,843,170,TALENTPROFILE
70,493,176,TALENTPROFILE
71,369,175,TALENTPROFILE
72,258,154,TALENTPROFILE
73,725,166,TALENTPROFILE
74,383,167,TALENTPROFILE
75,999,155,TALENTPROFILE
76,250,180,TALENTPROFILE
77,64,167,TALENTPROFILE
78,856,178,TALENTPROFILE
79,789,174,TALENTPROFILE
80,926,167,TALENTPROFILE
81,144,157,TALENTPROFILE
82,91,156,TALENTPROFILE
83,908,155,TALENTPROFILE
84,347,178,TALENTPROFILE
85,320,178,TALENTPROFILE
86,782,177,TALENTPROFILE
87,506,172,TALENTPROFILE
88,457,151,TALENTPROFILE
89,116,170,TALENTPROFILE
90,63,176,TALENTPROFILE
91,639,161,TALENTPROFILE
92,423,166,TALENTPROFILE
93,24,163,TALENTPROFILE
94,182,178,TALENTPROFILE
95,685,177,TALENTPROFILE
96,873,159,TALENTPROFILE
97,953,172,TALENTPROFILE
98,713,168,TALENTPROFILE
99,457,159,TALENTPROFILE
100,118,177,TALENTPROFILE
101,211,173,TALENTPROFILE
102,529,156,TALENTPROFILE
104,38,176,TALENTPROFILE
105,268,157,TALENTPROFILE
106,964,155,TALENTPROFILE
107,273,161,TALENTPROFILE
108,73,156,TALENTPROFILE
109,812,165,TALENTPROFILE
110,44,174,TALENTPROFILE
111,361,154,TALENTPROFILE
112,722,168,TALENTPROFILE
113,130,180,TALENTPROFILE
114,562,154,TALENTPROFILE
115,517,163,TALENTPROFILE
116,347,175,TALENTPROFILE
117,423,173,TALENTPROFILE
118,769,176,TALENTPROFILE
119,268,164,TALENTPROFILE
120,593,175,TALENTPROFILE
122,726,159,TALENTPROFILE
123,1,177,TALENTPROFILE
124,333,163,TALENTPROFILE
125,596,157,TALENTPROFILE
126,216,180,TALENTPROFILE
127,361,162,TALENTPROFILE
128,197,164,TALENTPROFILE
129,562,166,TALENTPROFILE
130,980,163,TALENTPROFILE
131,493,170,TALENTPROFILE
132,699,159,TALENTPROFILE
133,829,156,TALENTPROFILE
134,741,165,TALENTPROFILE
135,464,157,TALENTPROFILE
136,989,164,TALENTPROFILE
137,562,169,TALENTPROFILE
138,547,169,TALENTPROFILE
139,617,160,TALENTPROFILE
140,96,161,TALENTPROFILE
141,741,171,TALENTPROFILE
142,884,177,TALENTPROFILE
143,856,177,TALENTPROFILE
144,197,153,TALENTPROFILE
145,491,157,TALENTPROFILE
146,48,177,TALENTPROFILE
147,641,179,TALENTPROFILE
148,755,161,TALENTPROFILE
149,186,171,TALENTPROFILE
150,888,179,TALENTPROFILE
151,618,169,TALENTPROFILE
152,578,180,TALENTPROFILE
154,510,157,TALENTPROFILE
155,856,176,TALENTPROFILE
156,237,172,TALENTPROFILE
157,144,161,TALENTPROFILE
158,28,157,TALENTPROFILE
159,666,173,TALENTPROFILE
160,800,153,TALENTPROFILE
161,394,154,TALENTPROFILE
162,148,159,TALENTPROFILE
163,32,155,TALENTPROFILE
164,267,155,TALENTPROFILE
165,245,157,TALENTPROFILE
166,92,152,TALENTPROFILE
167,634,172,TALENTPROFILE
168,953,169,TALENTPROFILE
169,63,179,TALENTPROFILE
170,756,170,TALENTPROFILE
171,66,172,TALENTPROFILE
172,695,157,TALENTPROFILE
173,490,163,TALENTPROFILE
174,569,173,TALENTPROFILE
175,726,165,TALENTPROFILE
176,368,173,TALENTPROFILE
177,995,156,TALENTPROFILE
178,277,151,TALENTPROFILE
179,690,174,TALENTPROFILE
180,10,164,TALENTPROFILE
181,147,171,TALENTPROFILE
182,258,156,TALENTPROFILE
183,414,172,TALENTPROFILE
184,277,176,TALENTPROFILE
185,48,167,TALENTPROFILE
186,661,165,TALENTPROFILE
187,458,167,TALENTPROFILE
188,683,175,TALENTPROFILE
189,677,174,TALENTPROFILE
190,423,179,TALENTPROFILE
191,789,163,TALENTPROFILE
192,255,176,TALENTPROFILE
193,993,159,TALENTPROFILE
194,892,154,TALENTPROFILE
195,643,165,TALENTPROFILE
196,933,151,TALENTPROFILE
197,745,179,TALENTPROFILE
198,745,153,TALENTPROFILE
199,63,166,TALENTPROFILE
200,358,163,TALENTPROFILE
201,583,171,TALENTPROFILE
202,171,160,TALENTPROFILE
203,62,180,TALENTPROFILE
204,725,167,TALENTPROFILE
205,241,152,TALENTPROFILE
206,944,155,TALENTPROFILE
207,613,174,TALENTPROFILE
208,307,170,TALENTPROFILE
209,617,154,TALENTPROFILE
210,664,153,TALENTPROFILE
211,666,170,TALENTPROFILE
212,511,155,TALENTPROFILE
213,975,155,TALENTPROFILE
214,40,151,TALENTPROFILE
215,907,165,TALENTPROFILE
216,147,162,TALENTPROFILE
217,396,177,TALENTPROFILE
218,271,166,TALENTPROFILE
219,186,165,TALENTPROFILE
220,953,167,TALENTPROFILE
221,582,166,TALENTPROFILE
222,285,161,TALENTPROFILE
223,78,173,TALENTPROFILE
224,247,160,TALENTPROFILE
225,302,173,TALENTPROFILE
226,441,151,TALENTPROFILE
227,191,173,TALENTPROFILE
228,668,170,TALENTPROFILE
229,493,166,TALENTPROFILE
230,147,169,TALENTPROFILE
231,722,177,TALENTPROFILE
232,695,172,TALENTPROFILE
233,161,165,TALENTPROFILE
234,862,165,TALENTPROFILE
235,725,153,TALENTPROFILE
236,61,171,TALENTPROFILE
237,908,176,TALENTPROFILE
238,214,156,TALENTPROFILE
239,211,172,TALENTPROFILE
0,270,196,TALENTPROFILE
1,145,185,TALENTPROFILE
2,702,198,TALENTPROFILE
3,781,196,TALENTPROFILE
4,191,182,TALENTPROFILE
5,25,192,TALENTPROFILE
6,173,208,TALENTPROFILE
7,625,186,TALENTPROFILE
8,220,185,TALENTPROFILE
9,191,210,TALENTPROFILE
10,724,206,TALENTPROFILE
11,203,207,TALENTPROFILE
12,896,189,TALENTPROFILE
13,445,208,TALENTPROFILE
14,454,190,TALENTPROFILE
15,897,200,TALENTPROFILE
16,994,207,TALENTPROFILE
17,372,185,TALENTPROFILE
18,569,193,TALENTPROFILE
19,150,183,TALENTPROFILE
20,123,200,TALENTPROFILE
21,232,200,TALENTPROFILE
22,266,208,TALENTPROFILE
23,563,184,TALENTPROFILE
24,611,193,TALENTPROFILE
25,506,188,TALENTPROFILE
26,545,194,TALENTPROFILE
27,13,206,TALENTPROFILE
28,790,209,TALENTPROFILE
29,149,198,TALENTPROFILE
30,262,188,TALENTPROFILE
31,801,189,TALENTPROFILE
32,547,187,TALENTPROFILE
33,445,202,TALENTPROFILE
34,360,195,TALENTPROFILE
35,539,203,TALENTPROFILE
36,741,201,TALENTPROFILE
37,808,206,TALENTPROFILE
38,873,201,TALENTPROFILE
39,96,207,TALENTPROFILE
40,528,210,TALENTPROFILE
41,109,204,TALENTPROFILE
42,50,182,TALENTPROFILE
43,192,181,TALENTPROFILE
44,866,187,TALENTPROFILE
45,55,192,TALENTPROFILE
46,702,188,TALENTPROFILE
47,648,199,TALENTPROFILE
48,705,183,TALENTPROFILE
49,255,188,TALENTPROFILE
50,901,193,TALENTPROFILE
51,25,183,TALENTPROFILE
52,591,199,TALENTPROFILE
53,92,210,TALENTPROFILE
54,767,194,TALENTPROFILE
55,237,185,TALENTPROFILE
56,462,183,TALENTPROFILE
57,774,202,TALENTPROFILE
58,967,188,TALENTPROFILE
59,231,187,TALENTPROFILE
0,957,198,TALENTPROFILE
1,797,186,TALENTPROFILE
2,807,182,TALENTPROFILE
3,292,182,TALENTPROFILE
4,766,189,TALENTPROFILE
5,673,185,TALENTPROFILE
6,187,198,TALENTPROFILE
7,986,196,TALENTPROFILE
8,807,207,TALENTPROFILE
9,521,204,TALENTPROFILE
10,693,192,TALENTPROFILE
11,155,205,TALENTPROFILE
12,165,186,TALENTPROFILE
13,752,186,TALENTPROFILE
14,287,206,TALENTPROFILE
15,882,205,TALENTPROFILE
16,281,192,TALENTPROFILE
17,794,183,TALENTPROFILE
18,314,196,TALENTPROFILE
19,881,188,TALENTPROFILE
20,26,206,TALENTPROFILE
21,948,209,TALENTPROFILE
22,549,195,TALENTPROFILE
23,359,205,TALENTPROFILE
24,555,181,TALENTPROFILE
25,122,194,TALENTPROFILE
26,76,197,TALENTPROFILE
27,925,192,TALENTPROFILE
28,480,191,TALENTPROFILE
29,825,185,TALENTPROFILE
30,406,195,TALENTPROFILE
31,195,182,TALENTPROFILE
32,891,194,TALENTPROFILE
33,79,203,TALENTPROFILE
34,560,199,TALENTPROFILE
35,242,195,TALENTPROFILE
36,758,199,TALENTPROFILE
37,297,187,TALENTPROFILE
38,762,198,TALENTPROFILE
39,391,208,TALENTPROFILE
40,883,202,TALENTPROFILE
41,797,204,TALENTPROFILE
42,656,199,TALENTPROFILE
43,54,196,TALENTPROFILE
44,887,204,TALENTPROFILE
45,585,194,TALENTPROFILE
46,881,202,TALENTPROFILE
47,912,203,TALENTPROFILE
48,948,199,TALENTPROFILE
49,209,190,TALENTPROFILE
50,472,199,TALENTPROFILE
51,937,201,TALENTPROFILE
52,159,203,TALENTPROFILE
53,56,184,TALENTPROFILE
54,257,199,TALENTPROFILE
55,603,192,TALENTPROFILE
56,139,192,TALENTPROFILE
57,777,187,TALENTPROFILE
58,984,187,TALENTPROFILE
59,26,185,TALENTPROFILE
60,217,184,TALENTPROFILE
61,965,210,TALENTPROFILE
62,727,181,TALENTPROFILE
63,927,184,TALENTPROFILE
64,805,184,TALENTPROFILE
65,739,189,TALENTPROFILE
66,159,188,TALENTPROFILE
67,117,192,TALENTPROFILE
68,851,207,TALENTPROFILE
69,662,187,TALENTPROFILE
70,257,203,TALENTPROFILE
71,59,210,TALENTPROFILE
72,367,199,TALENTPROFILE
73,803,204,TALENTPROFILE
74,184,205,TALENTPROFILE
75,342,183,TALENTPROFILE
76,921,208,TALENTPROFILE
77,996,206,TALENTPROFILE
78,142,193,TALENTPROFILE
79,17,182,TALENTPROFILE
80,835,202,TALENTPROFILE
81,188,207,TALENTPROFILE
82,364,203,TALENTPROFILE
83,342,207,TALENTPROFILE
84,480,210,TALENTPROFILE
85,425,206,TALENTPROFILE
86,624,188,TALENTPROFILE
87,117,198,TALENTPROFILE
88,771,201,TALENTPROFILE
89,422,184,TALENTPROFILE
90,39,204,TALENTPROFILE
91,507,205,TALENTPROFILE
92,217,210,TALENTPROFILE
93,424,195,TALENTPROFILE
94,891,183,TALENTPROFILE
95,505,182,TALENTPROFILE
96,105,199,TALENTPROFILE
97,732,209,TALENTPROFILE
98,500,203,TALENTPROFILE
99,97,198,TALENTPROFILE
100,299,207,TALENTPROFILE
101,678,186,TALENTPROFILE
102,551,201,TALENTPROFILE
103,408,205,TALENTPROFILE
104,816,187,TALENTPROFILE
105,911,205,TALENTPROFILE
106,86,185,TALENTPROFILE
107,918,196,TALENTPROFILE
108,408,197,TALENTPROFILE
109,941,208,TALENTPROFILE
110,417,203,TALENTPROFILE
111,587,206,TALENTPROFILE
112,558,198,TALENTPROFILE
113,199,187,TALENTPROFILE
114,603,208,TALENTPROFILE
115,415,203,TALENTPROFILE
116,759,183,TALENTPROFILE
117,27,201,TALENTPROFILE
118,136,205,TALENTPROFILE
119,170,190,TALENTPROFILE
120,632,206,TALENTPROFILE
121,367,203,TALENTPROFILE
122,519,189,TALENTPROFILE
123,139,195,TALENTPROFILE
124,766,210,TALENTPROFILE
125,432,187,TALENTPROFILE
126,925,181,TALENTPROFILE
127,882,183,TALENTPROFILE
128,974,202,TALENTPROFILE
129,425,201,TALENTPROFILE
130,519,185,TALENTPROFILE
131,923,187,TALENTPROFILE
132,373,206,TALENTPROFILE
133,816,204,TALENTPROFILE
134,928,202,TALENTPROFILE
135,809,209,TALENTPROFILE
136,386,187,TALENTPROFILE
137,959,205,TALENTPROFILE
138,279,181,TALENTPROFILE
139,188,193,TALENTPROFILE
140,141,206,TALENTPROFILE
141,54,187,TALENTPROFILE
142,422,190,TALENTPROFILE
143,432,200,TALENTPROFILE
144,26,182,TALENTPROFILE
145,911,206,TALENTPROFILE
146,603,198,TALENTPROFILE
147,546,210,TALENTPROFILE
148,734,196,TALENTPROFILE
149,654,187,TALENTPROFILE
150,546,192,TALENTPROFILE
151,279,193,TALENTPROFILE
152,227,187,TALENTPROFILE
153,751,207,TALENTPROFILE
154,516,187,TALENTPROFILE
155,279,197,TALENTPROFILE
156,733,184,TALENTPROFILE
157,549,188,TALENTPROFILE
158,927,189,TALENTPROFILE
159,682,184,TALENTPROFILE
160,366,186,TALENTPROFILE
161,839,210,TALENTPROFILE
162,500,204,TALENTPROFILE
163,105,183,TALENTPROFILE
164,911,204,TALENTPROFILE
165,141,189,TALENTPROFILE
166,820,192,TALENTPROFILE
167,433,182,TALENTPROFILE
168,470,205,TALENTPROFILE
169,180,186,TALENTPROFILE
170,565,187,TALENTPROFILE
171,225,206,TALENTPROFILE
172,721,185,TALENTPROFILE
173,863,196,TALENTPROFILE
174,565,183,TALENTPROFILE
175,308,188,TALENTPROFILE
176,49,200,TALENTPROFILE
177,928,203,TALENTPROFILE
178,650,207,TALENTPROFILE
179,807,190,TALENTPROFILE
180,849,187,TALENTPROFILE
181,408,203,TALENTPROFILE
182,49,182,TALENTPROFILE
183,604,183,TALENTPROFILE
184,837,208,TALENTPROFILE
185,872,186,TALENTPROFILE
186,928,182,TALENTPROFILE
187,165,183,TALENTPROFILE
188,607,197,TALENTPROFILE
189,239,184,TALENTPROFILE
190,682,185,TALENTPROFILE
191,345,191,TALENTPROFILE
192,164,188,TALENTPROFILE
193,783,195,TALENTPROFILE
194,86,208,TALENTPROFILE
195,419,198,TALENTPROFILE
196,49,209,TALENTPROFILE
197,523,204,TALENTPROFILE
198,278,190,TALENTPROFILE
199,871,194,TALENTPROFILE
200,546,197,TALENTPROFILE
201,77,200,TALENTPROFILE
202,98,183,TALENTPROFILE
203,80,185,TALENTPROFILE
204,287,204,TALENTPROFILE
205,212,193,TALENTPROFILE
206,541,181,TALENTPROFILE
207,603,200,TALENTPROFILE
208,184,196,TALENTPROFILE
209,740,197,TALENTPROFILE
210,792,204,TALENTPROFILE
211,723,184,TALENTPROFILE
212,717,209,TALENTPROFILE
213,54,207,TALENTPROFILE
214,136,191,TALENTPROFILE
215,984,200,TALENTPROFILE
216,290,182,TALENTPROFILE
217,411,202,TALENTPROFILE
218,53,185,TALENTPROFILE
219,122,202,TALENTPROFILE
220,894,189,TALENTPROFILE
221,152,200,TALENTPROFILE
222,647,189,TALENTPROFILE
223,34,196,TALENTPROFILE
225,904,182,TALENTPROFILE
226,575,198,TALENTPROFILE
227,406,188,TALENTPROFILE
228,986,202,TALENTPROFILE
229,825,201,TALENTPROFILE
230,420,187,TALENTPROFILE
231,951,185,TALENTPROFILE
232,243,181,TALENTPROFILE
233,997,200,TALENTPROFILE
234,849,210,TALENTPROFILE
235,576,195,TALENTPROFILE
236,242,200,TALENTPROFILE
237,784,199,TALENTPROFILE
238,472,194,TALENTPROFILE
239,364,184,TALENTPROFILE
0,222,247,TALENTPROFILE
1,827,250,TALENTPROFILE
2,703,242,TALENTPROFILE
3,631,252,TALENTPROFILE
4,636,260,TALENTPROFILE
5,728,259,TALENTPROFILE
6,180,267,TALENTPROFILE
7,192,248,TALENTPROFILE
8,268,257,TALENTPROFILE
9,772,253,TALENTPROFILE
10,161,242,TALENTPROFILE
11,156,250,TALENTPROFILE
12,339,246,TALENTPROFILE
13,271,257,TALENTPROFILE
14,728,266,TALENTPROFILE
15,805,255,TALENTPROFILE
16,734,244,TALENTPROFILE
17,830,243,TALENTPROFILE
18,500,261,TALENTPROFILE
19,671,246,TALENTPROFILE
20,242,261,TALENTPROFILE
21,291,250,TALENTPROFILE
22,750,251,TALENTPROFILE
23,718,246,TALENTPROFILE
24,638,265,TALENTPROFILE
25,727,242,TALENTPROFILE
26,69,245,TALENTPROFILE
27,833,262,TALENTPROFILE
28,662,261,TALENTPROFILE
29,744,267,TALENTPROFILE
30,326,243,TALENTPROFILE
31,371,265,TALENTPROFILE
32,911,258,TALENTPROFILE
33,237,248,TALENTPROFILE
34,793,262,TALENTPROFILE
35,909,247,TALENTPROFILE
36,506,241,TALENTPROFILE
37,128,265,TALENTPROFILE
38,881,254,TALENTPROFILE
39,532,242,TALENTPROFILE
40,422,242,TALENTPROFILE
41,425,259,TALENTPROFILE
42,130,243,TALENTPROFILE
43,819,248,TALENTPROFILE
44,984,255,TALENTPROFILE
45,715,254,TALENTPROFILE
46,274,254,TALENTPROFILE
47,862,270,TALENTPROFILE
48,947,256,TALENTPROFILE
49,885,257,TALENTPROFILE
50,405,259,TALENTPROFILE
51,992,246,TALENTPROFILE
52,837,259,TALENTPROFILE
53,493,254,TALENTPROFILE
54,745,256,TALENTPROFILE
55,751,261,TALENTPROFILE
56,547,258,TALENTPROFILE
57,307,244,TALENTPROFILE
58,575,250,TALENTPROFILE
59,339,253,TALENTPROFILE
0,21,241,TALENTPROFILE
1,801,250,TALENTPROFILE
2,979,268,TALENTPROFILE
3,709,249,TALENTPROFILE
4,298,269,TALENTPROFILE
5,840,255,TALENTPROFILE
6,149,249,TALENTPROFILE
7,489,246,TALENTPROFILE
8,982,264,TALENTPROFILE
9,780,242,TALENTPROFILE
10,125,263,TALENTPROFILE
11,301,243,TALENTPROFILE
12,321,265,TALENTPROFILE
13,120,260,TALENTPROFILE
14,121,266,TALENTPROFILE
15,867,261,TALENTPROFILE
16,691,247,TALENTPROFILE
17,831,266,TALENTPROFILE
18,729,260,TALENTPROFILE
19,539,261,TALENTPROFILE
20,525,256,TALENTPROFILE
21,75,246,TALENTPROFILE
22,95,263,TALENTPROFILE
23,413,246,TALENTPROFILE
24,730,244,TALENTPROFILE
25,920,244,TALENTPROFILE
26,767,241,TALENTPROFILE
27,584,251,TALENTPROFILE
28,681,254,TALENTPROFILE
29,157,249,TALENTPROFILE
30,295,251,TALENTPROFILE
31,920,251,TALENTPROFILE
32,265,251,TALENTPROFILE
33,616,265,TALENTPROFILE
34,487,246,TALENTPROFILE
35,669,266,TALENTPROFILE
36,362,270,TALENTPROFILE
37,208,262,TALENTPROFILE
38,694,243,TALENTPROFILE
39,765,249,TALENTPROFILE
40,248,248,TALENTPROFILE
41,776,250,TALENTPROFILE
42,253,261,TALENTPROFILE
43,867,267,TALENTPROFILE
45,633,246,TALENTPROFILE
46,259,248,TALENTPROFILE
47,133,265,TALENTPROFILE
48,859,243,TALENTPROFILE
49,246,260,TALENTPROFILE
50,795,244,TALENTPROFILE
51,554,245,TALENTPROFILE
52,684,250,TALENTPROFILE
53,903,243,TALENTPROFILE
54,742,254,TALENTPROFILE
55,608,249,TALENTPROFILE
56,867,270,TALENTPROFILE
57,780,268,TALENTPROFILE
58,248,255,TALENTPROFILE
59,930,254,TALENTPROFILE
60,902,242,TALENTPROFILE
61,913,265,TALENTPROFILE
62,857,246,TALENTPROFILE
63,13,267,TALENTPROFILE
64,143,268,TALENTPROFILE
65,548,260,TALENTPROFILE
66,709,254,TALENTPROFILE
67,669,254,TALENTPROFILE
68,240,245,TALENTPROFILE
69,967,253,TALENTPROFILE
70,108,258,TALENTPROFILE
71,903,254,TALENTPROFILE
72,179,258,TALENTPROFILE
73,219,261,TALENTPROFILE
74,146,245,TALENTPROFILE
75,763,264,TALENTPROFILE
76,390,249,TALENTPROFILE
77,711,246,TALENTPROFILE
78,489,248,TALENTPROFILE
79,684,247,TALENTPROFILE
80,914,258,TALENTPROFILE
81,7,241,TALENTPROFILE
82,676,257,TALENTPROFILE
83,135,258,TALENTPROFILE
84,481,264,TALENTPROFILE
85,331,270,TALENTPROFILE
86,705,253,TALENTPROFILE
87,232,252,TALENTPROFILE
88,439,242,TALENTPROFILE
89,488,243,TALENTPROFILE
90,201,265,TALENTPROFILE
91,571,249,TALENTPROFILE
92,119,243,TALENTPROFILE
93,704,266,TALENTPROFILE
94,322,244,TALENTPROFILE
95,395,248,TALENTPROFILE
96,106,251,TALENTPROFILE
97,866,267,TALENTPROFILE
98,893,270,TALENTPROFILE
99,467,265,TALENTPROFILE
100,564,267,TALENTPROFILE
101,300,261,TALENTPROFILE
102,435,261,TALENTPROFILE
103,916,251,TALENTPROFILE
104,157,260,TALENTPROFILE
105,548,247,TALENTPROFILE
106,488,265,TALENTPROFILE
107,322,270,TALENTPROFILE
108,398,246,TALENTPROFILE
109,535,257,TALENTPROFILE
110,600,270,TALENTPROFILE
111,705,242,TALENTPROFILE
112,382,250,TALENTPROFILE
113,168,247,TALENTPROFILE
114,971,251,TALENTPROFILE
115,349,261,TALENTPROFILE
116,864,265,TALENTPROFILE
117,707,261,TALENTPROFILE
118,149,265,TALENTPROFILE
119,101,261,TALENTPROFILE
120,3,249,TALENTPROFILE
121,331,241,TALENTPROFILE
122,401,267,TALENTPROFILE
123,468,266,TALENTPROFILE
124,109,268,TALENTPROFILE
125,375,242,TALENTPROFILE
126,687,252,TALENTPROFILE
127,899,254,TALENTPROFILE
128,286,266,TALENTPROFILE
129,902,263,TALENTPROFILE
130,692,256,TALENTPROFILE
131,125,246,TALENTPROFILE
132,246,263,TALENTPROFILE
133,154,257,TALENTPROFILE
134,681,270,TALENTPROFILE
135,331,244,TALENTPROFILE
136,203,265,TALENTPROFILE
137,43,262,TALENTPROFILE
138,135,250,TALENTPROFILE
139,535,250,TALENTPROFILE
140,972,259,TALENTPROFILE
141,577,242,TALENTPROFILE
142,931,261,TALENTPROFILE
143,987,252,TALENTPROFILE
144,154,259,TALENTPROFILE
145,742,244,TALENTPROFILE
146,260,242,TALENTPROFILE
147,30,267,TALENTPROFILE
148,681,261,TALENTPROFILE
149,594,249,TALENTPROFILE
150,588,267,TALENTPROFILE
151,259,257,TALENTPROFILE
152,179,245,TALENTPROFILE
153,548,243,TALENTPROFILE
154,365,242,TALENTPROFILE
155,626,250,TALENTPROFILE
156,850,256,TALENTPROFILE
157,133,259,TALENTPROFILE
158,730,253,TALENTPROFILE
159,983,254,TALENTPROFILE
160,776,258,TALENTPROFILE
161,687,242,TALENTPROFILE
162,938,256,TALENTPROFILE
163,645,244,TALENTPROFILE
164,623,261,TALENTPROFILE
165,140,249,TALENTPROFILE
166,2,252,TALENTPROFILE
167,121,265,TALENTPROFILE
168,461,267,TALENTPROFILE
169,876,245,TALENTPROFILE
170,353,259,TALENTPROFILE
171,660,245,TALENTPROFILE
172,580,261,TALENTPROFILE
173,899,270,TALENTPROFILE
174,253,241,TALENTPROFILE
175,681,249,TALENTPROFILE
176,221,254,TALENTPROFILE
177,687,257,TALENTPROFILE
178,824,260,TALENTPROFILE
179,520,251,TALENTPROFILE
180,154,256,TALENTPROFILE
181,487,247,TALENTPROFILE
182,924,259,TALENTPROFILE
183,448,250,TALENTPROFILE
184,266,250,TALENTPROFILE
185,588,266,TALENTPROFILE
186,554,246,TALENTPROFILE
187,293,270,TALENTPROFILE
188,962,268,TALENTPROFILE
189,259,265,TALENTPROFILE
190,581,263,TALENTPROFILE
191,850,267,TALENTPROFILE
192,589,265,TALENTPROFILE
193,109,266,TALENTPROFILE
194,584,270,TALENTPROFILE
195,590,248,TALENTPROFILE
196,753,261,TALENTPROFILE
197,108,270,TALENTPROFILE
198,893,266,TALENTPROFILE
199,824,247,TALENTPROFILE
200,95,248,TALENTPROFILE
201,298,270,TALENTPROFILE
202,57,247,TALENTPROFILE
203,845,258,TALENTPROFILE
204,896,257,TALENTPROFILE
205,579,262,TALENTPROFILE
206,321,246,TALENTPROFILE
207,548,252,TALENTPROFILE
208,692,255,TALENTPROFILE
210,1000,262,TALENTPROFILE
211,256,259,TALENTPROFILE
212,684,258,TALENTPROFILE
213,248,257,TALENTPROFILE
214,374,245,TALENTPROFILE
215,544,269,TALENTPROFILE
216,381,245,TALENTPROFILE
217,913,260,TALENTPROFILE
218,427,253,TALENTPROFILE
219,409,244,TALENTPROFILE
220,260,267,TALENTPROFILE
221,589,260,TALENTPROFILE
222,903,267,TALENTPROFILE
223,365,255,TALENTPROFILE
224,776,249,TALENTPROFILE
225,353,251,TALENTPROFILE
226,380,260,TALENTPROFILE
227,6,253,TALENTPROFILE
228,313,255,TALENTPROFILE
229,430,268,TALENTPROFILE
230,226,244,TALENTPROFILE
231,401,243,TALENTPROFILE
232,844,241,TALENTPROFILE
233,626,255,TALENTPROFILE
234,390,267,TALENTPROFILE
235,504,263,TALENTPROFILE
236,350,241,TALENTPROFILE
237,484,256,TALENTPROFILE
238,200,260,TALENTPROFILE
239,52,243,TALENTPROFILE
0,193,223,TALENTPROFILE
1,541,239,TALENTPROFILE
2,547,217,TALENTPROFILE
3,670,236,TALENTPROFILE
4,646,216,TALENTPROFILE
5,295,239,TALENTPROFILE
6,778,222,TALENTPROFILE
7,986,215,TALENTPROFILE
8,171,232,TALENTPROFILE
9,925,211,TALENTPROFILE
10,128,225,TALENTPROFILE
11,323,216,TALENTPROFILE
12,114,234,TALENTPROFILE
13,596,237,TALENTPROFILE
14,763,221,TALENTPROFILE
15,366,222,TALENTPROFILE
16,969,228,TALENTPROFILE
17,483,232,TALENTPROFILE
18,970,222,TALENTPROFILE
19,744,219,TALENTPROFILE
20,699,220,TALENTPROFILE
21,172,224,TALENTPROFILE
22,565,221,TALENTPROFILE
23,20,213,TALENTPROFILE
24,419,218,TALENTPROFILE
25,88,217,TALENTPROFILE
26,113,221,TALENTPROFILE
27,404,237,TALENTPROFILE
28,813,225,TALENTPROFILE
29,732,236,TALENTPROFILE
30,533,230,TALENTPROFILE
31,724,223,TALENTPROFILE
32,110,240,TALENTPROFILE
33,814,216,TALENTPROFILE
34,979,226,TALENTPROFILE
35,141,233,TALENTPROFILE
36,182,220,TALENTPROFILE
37,346,236,TALENTPROFILE
38,162,224,TALENTPROFILE
39,398,211,TALENTPROFILE
40,262,235,TALENTPROFILE
41,383,224,TALENTPROFILE
42,717,211,TALENTPROFILE
43,657,239,TALENTPROFILE
44,193,219,TALENTPROFILE
45,127,239,TALENTPROFILE
46,335,231,TALENTPROFILE
47,20,221,TALENTPROFILE
48,521,226,TALENTPROFILE
49,333,239,TALENTPROFILE
50,444,232,TALENTPROFILE
51,955,229,TALENTPROFILE
52,949,213,TALENTPROFILE
53,139,228,TALENTPROFILE
54,230,236,TALENTPROFILE
55,428,240,TALENTPROFILE
56,108,237,TALENTPROFILE
57,515,219,TALENTPROFILE
58,772,226,TALENTPROFILE
59,703,216,TALENTPROFILE
0,300,226,TALENTPROFILE
1,879,229,TALENTPROFILE
2,222,212,TALENTPROFILE
3,800,239,TALENTPROFILE
4,435,214,TALENTPROFILE
5,151,218,TALENTPROFILE
6,991,224,TALENTPROFILE
7,56,231,TALENTPROFILE
8,833,227,TALENTPROFILE
9,575,238,TALENTPROFILE
10,879,220,TALENTPROFILE
11,729,214,TALENTPROFILE
12,367,230,TALENTPROFILE
13,492,220,TALENTPROFILE
14,47,237,TALENTPROFILE
15,708,212,TALENTPROFILE
16,389,228,TALENTPROFILE
17,622,221,TALENTPROFILE
18,815,228,TALENTPROFILE
19,146,238,TALENTPROFILE
20,234,212,TALENTPROFILE
21,862,230,TALENTPROFILE
22,101,225,TALENTPROFILE
23,291,230,TALENTPROFILE
24,567,230,TALENTPROFILE
25,577,237,TALENTPROFILE
26,85,213,TALENTPROFILE
27,627,216,TALENTPROFILE
28,730,235,TALENTPROFILE
29,367,233,TALENTPROFILE
30,330,229,TALENTPROFILE
31,298,240,TALENTPROFILE
32,805,224,TALENTPROFILE
33,100,216,TALENTPROFILE
34,964,233,TALENTPROFILE
35,651,240,TALENTPROFILE
36,828,239,TALENTPROFILE
37,161,224,TALENTPROFILE
38,178,214,TALENTPROFILE
39,199,230,TALENTPROFILE
40,2,223,TALENTPROFILE
41,176,218,TALENTPROFILE
42,850,230,TALENTPROFILE
43,228,211,TALENTPROFILE
44,831,220,TALENTPROFILE
45,117,218,TALENTPROFILE
46,117,212,TALENTPROFILE
47,135,236,TALENTPROFILE
48,783,217,TALENTPROFILE
49,788,221,TALENTPROFILE
50,522,231,TALENTPROFILE
51,420,212,TALENTPROFILE
52,661,220,TALENTPROFILE
53,560,225,TALENTPROFILE
54,577,213,TALENTPROFILE
55,983,235,TALENTPROFILE
56,957,216,TALENTPROFILE
57,236,220,TALENTPROFILE
58,713,224,TALENTPROFILE
59,651,220,TALENTPROFILE
60,784,218,TALENTPROFILE
61,704,222,TALENTPROFILE
62,294,217,TALENTPROFILE
63,431,228,TALENTPROFILE
64,228,236,TALENTPROFILE
65,34,214,TALENTPROFILE
66,367,239,TALENTPROFILE
67,919,229,TALENTPROFILE
68,908,238,TALENTPROFILE
69,789,228,TALENTPROFILE
70,392,234,TALENTPROFILE
71,175,211,TALENTPROFILE
72,525,231,TALENTPROFILE
73,546,216,TALENTPROFILE
74,166,224,TALENTPROFILE
75,798,215,TALENTPROFILE
76,983,236,TALENTPROFILE
77,501,238,TALENTPROFILE
78,392,233,TALENTPROFILE
79,122,240,TALENTPROFILE
80,947,237,TALENTPROFILE
81,228,240,TALENTPROFILE
82,604,240,TALENTPROFILE
83,156,232,TALENTPROFILE
84,909,215,TALENTPROFILE
85,146,215,TALENTPROFILE
86,289,220,TALENTPROFILE
87,678,224,TALENTPROFILE
88,552,225,TALENTPROFILE
89,784,238,TALENTPROFILE
90,455,227,TALENTPROFILE
91,548,226,TALENTPROFILE
92,302,213,TALENTPROFILE
93,779,229,TALENTPROFILE
94,229,218,TALENTPROFILE
95,117,235,TALENTPROFILE
96,65,229,TALENTPROFILE
97,111,231,TALENTPROFILE
98,726,228,TALENTPROFILE
99,784,220,TALENTPROFILE
100,846,219,TALENTPROFILE
101,218,215,TALENTPROFILE
102,532,226,TALENTPROFILE
103,481,231,TALENTPROFILE
104,354,217,TALENTPROFILE
105,226,221,TALENTPROFILE
106,781,213,TALENTPROFILE
107,924,222,TALENTPROFILE
108,288,232,TALENTPROFILE
109,200,223,TALENTPROFILE
110,321,229,TALENTPROFILE
111,318,217,TALENTPROFILE
112,405,229,TALENTPROFILE
113,803,230,TALENTPROFILE
114,577,219,TALENTPROFILE
115,954,221,TALENTPROFILE
116,567,232,TALENTPROFILE
117,963,221,TALENTPROFILE
118,792,232,TALENTPROFILE
119,87,230,TALENTPROFILE
120,875,219,TALENTPROFILE
121,324,226,TALENTPROFILE
122,389,213,TALENTPROFILE
123,21,213,TALENTPROFILE
124,384,238,TALENTPROFILE
125,856,220,TALENTPROFILE
126,791,223,TALENTPROFILE
127,103,223,TALENTPROFILE
128,33,227,TALENTPROFILE
129,815,231,TALENTPROFILE
130,211,223,TALENTPROFILE
131,492,234,TALENTPROFILE
132,138,220,TALENTPROFILE
133,796,213,TALENTPROFILE
134,819,211,TALENTPROFILE
135,978,216,TALENTPROFILE
136,410,226,TALENTPROFILE
137,924,215,TALENTPROFILE
138,882,238,TALENTPROFILE
139,1,217,TALENTPROFILE
141,376,217,TALENTPROFILE
142,47,219,TALENTPROFILE
143,697,218,TALENTPROFILE
144,509,211,TALENTPROFILE
145,256,224,TALENTPROFILE
146,983,240,TALENTPROFILE
147,211,225,TALENTPROFILE
148,627,229,TALENTPROFILE
149,581,232,TALENTPROFILE
150,392,229,TALENTPROFILE
151,122,228,TALENTPROFILE
152,862,228,TALENTPROFILE
153,846,236,TALENTPROFILE
154,765,228,TALENTPROFILE
155,789,229,TALENTPROFILE
156,953,230,TALENTPROFILE
157,317,222,TALENTPROFILE
158,794,219,TALENTPROFILE
159,791,228,TALENTPROFILE
161,145,233,TALENTPROFILE
162,566,213,TALENTPROFILE
163,167,218,TALENTPROFILE
165,101,234,TALENTPROFILE
166,643,221,TALENTPROFILE
167,611,239,TALENTPROFILE
168,892,222,TALENTPROFILE
169,789,237,TALENTPROFILE
170,738,226,TALENTPROFILE
171,776,224,TALENTPROFILE
172,107,220,TALENTPROFILE
173,151,230,TALENTPROFILE
174,666,214,TALENTPROFILE
175,577,238,TALENTPROFILE
176,626,236,TALENTPROFILE
177,437,215,TALENTPROFILE
178,28,220,TALENTPROFILE
179,894,239,TALENTPROFILE
180,792,221,TALENTPROFILE
181,176,216,TALENTPROFILE
182,205,221,TALENTPROFILE
183,354,240,TALENTPROFILE
184,760,237,TALENTPROFILE
185,170,212,TALENTPROFILE
186,228,234,TALENTPROFILE
187,991,233,TALENTPROFILE
188,91,232,TALENTPROFILE
189,678,223,TALENTPROFILE
190,967,230,TALENTPROFILE
191,623,219,TALENTPROFILE
192,392,215,TALENTPROFILE
193,2,220,TALENTPROFILE
194,672,229,TALENTPROFILE
195,892,238,TALENTPROFILE
196,256,236,TALENTPROFILE
197,798,216,TALENTPROFILE
198,120,232,TALENTPROFILE
199,501,226,TALENTPROFILE
200,28,231,TALENTPROFILE
201,552,232,TALENTPROFILE
202,743,230,TALENTPROFILE
203,317,228,TALENTPROFILE
204,510,226,TALENTPROFILE
205,145,219,TALENTPROFILE
206,167,237,TALENTPROFILE
207,1000,214,TALENTPROFILE
208,459,222,TALENTPROFILE
209,469,233,TALENTPROFILE
210,31,240,TALENTPROFILE
211,180,229,TALENTPROFILE
212,203,239,TALENTPROFILE
213,94,236,TALENTPROFILE
215,341,235,TALENTPROFILE
216,922,225,TALENTPROFILE
217,815,220,TALENTPROFILE
218,11,233,TALENTPROFILE
219,31,211,TALENTPROFILE
220,161,240,TALENTPROFILE
221,626,220,TALENTPROFILE
222,894,231,TALENTPROFILE
223,828,217,TALENTPROFILE
225,824,212,TALENTPROFILE
226,627,228,TALENTPROFILE
227,386,219,TALENTPROFILE
228,455,239,TALENTPROFILE
229,798,230,TALENTPROFILE
230,983,232,TALENTPROFILE
231,815,221,TALENTPROFILE
232,326,224,TALENTPROFILE
233,988,215,TALENTPROFILE
234,617,227,TALENTPROFILE
235,529,227,TALENTPROFILE
236,954,217,TALENTPROFILE
237,226,220,TALENTPROFILE
238,101,216,TALENTPROFILE
239,765,231,TALENTPROFILE
0,339,148,TALENTPROFILE
1,28,121,TALENTPROFILE
2,743,146,TALENTPROFILE
3,983,130,TALENTPROFILE
4,834,124,TALENTPROFILE
5,991,149,TALENTPROFILE
6,68,123,TALENTPROFILE
7,852,150,TALENTPROFILE
8,338,148,TALENTPROFILE
9,853,146,TALENTPROFILE
10,734,126,TALENTPROFILE
11,394,138,TALENTPROFILE
12,536,146,TALENTPROFILE
13,736,134,TALENTPROFILE
14,307,132,TALENTPROFILE
15,960,133,TALENTPROFILE
16,232,131,TALENTPROFILE
17,679,147,TALENTPROFILE
18,515,127,TALENTPROFILE
19,982,136,TALENTPROFILE
20,63,126,TALENTPROFILE
21,629,124,TALENTPROFILE
22,166,147,TALENTPROFILE
23,833,150,TALENTPROFILE
24,191,122,TALENTPROFILE
25,934,150,TALENTPROFILE
26,136,140,TALENTPROFILE
27,209,129,TALENTPROFILE
28,245,125,TALENTPROFILE
29,112,127,TALENTPROFILE
30,483,142,TALENTPROFILE
31,343,147,TALENTPROFILE
32,700,140,TALENTPROFILE
33,555,136,TALENTPROFILE
34,318,131,TALENTPROFILE
35,514,137,TALENTPROFILE
36,7,121,TALENTPROFILE
37,784,131,TALENTPROFILE
38,86,124,TALENTPROFILE
39,307,133,TALENTPROFILE
40,919,138,TALENTPROFILE
41,947,133,TALENTPROFILE
42,427,129,TALENTPROFILE
43,298,135,TALENTPROFILE
44,123,141,TALENTPROFILE
45,492,123,TALENTPROFILE
46,835,143,TALENTPROFILE
47,281,149,TALENTPROFILE
48,326,142,TALENTPROFILE
49,289,121,TALENTPROFILE
50,21,147,TALENTPROFILE
51,303,134,TALENTPROFILE
52,262,121,TALENTPROFILE
53,816,121,TALENTPROFILE
54,940,142,TALENTPROFILE
55,642,148,TALENTPROFILE
56,810,128,TALENTPROFILE
57,914,143,TALENTPROFILE
58,900,147,TALENTPROFILE
59,970,150,TALENTPROFILE
0,353,143,TALENTPROFILE
1,802,138,TALENTPROFILE
2,360,144,TALENTPROFILE
3,299,123,TALENTPROFILE
4,359,148,TALENTPROFILE
5,350,136,TALENTPROFILE
6,283,149,TALENTPROFILE
7,680,127,TALENTPROFILE
8,885,132,TALENTPROFILE
9,558,149,TALENTPROFILE
10,802,143,TALENTPROFILE
11,904,131,TALENTPROFILE
12,140,143,TALENTPROFILE
13,402,126,TALENTPROFILE
14,854,143,TALENTPROFILE
15,76,148,TALENTPROFILE
16,717,150,TALENTPROFILE
17,930,131,TALENTPROFILE
18,580,124,TALENTPROFILE
19,397,143,TALENTPROFILE
20,162,140,TALENTPROFILE
21,499,123,TALENTPROFILE
22,150,124,TALENTPROFILE
23,266,141,TALENTPROFILE
24,265,149,TALENTPROFILE
25,806,145,TALENTPROFILE
26,646,136,TALENTPROFILE
27,591,139,TALENTPROFILE
28,332,123,TALENTPROFILE
29,208,135,TALENTPROFILE
30,171,145,TALENTPROFILE
31,660,149,TALENTPROFILE
32,507,142,TALENTPROFILE
33,891,139,TALENTPROFILE
34,499,132,TALENTPROFILE
35,306,129,TALENTPROFILE
36,926,148,TALENTPROFILE
37,797,123,TALENTPROFILE
38,785,150,TALENTPROFILE
39,498,121,TALENTPROFILE
40,489,149,TALENTPROFILE
41,500,147,TALENTPROFILE
42,668,126,TALENTPROFILE
43,985,123,TALENTPROFILE
44,52,147,TALENTPROFILE
45,423,138,TALENTPROFILE
46,248,146,TALENTPROFILE
47,48,128,TALENTPROFILE
48,955,130,TALENTPROFILE
49,925,122,TALENTPROFILE
50,787,128,TALENTPROFILE
51,930,122,TALENTPROFILE
52,562,126,TALENTPROFILE
53,981,147,TALENTPROFILE
54,359,138,TALENTPROFILE
55,140,130,TALENTPROFILE
56,381,146,TALENTPROFILE
57,32,122,TALENTPROFILE
58,297,142,TALENTPROFILE
59,348,122,TALENTPROFILE
60,474,121,TALENTPROFILE
61,755,132,TALENTPROFILE
62,115,131,TALENTPROFILE
63,860,134,TALENTPROFILE
64,519,142,TALENTPROFILE
65,868,127,TALENTPROFILE
66,827,128,TALENTPROFILE
67,447,143,TALENTPROFILE
68,620,129,TALENTPROFILE
69,912,137,TALENTPROFILE
70,196,147,TALENTPROFILE
71,958,121,TALENTPROFILE
72,484,130,TALENTPROFILE
73,986,148,TALENTPROFILE
74,885,139,TALENTPROFILE
75,825,135,TALENTPROFILE
76,141,128,TALENTPROFILE
77,616,148,TALENTPROFILE
78,937,131,TALENTPROFILE
79,72,142,TALENTPROFILE
80,362,149,TALENTPROFILE
81,523,138,TALENTPROFILE
82,150,121,TALENTPROFILE
83,23,121,TALENTPROFILE
84,717,146,TALENTPROFILE
85,474,146,TALENTPROFILE
86,745,123,TALENTPROFILE
87,956,147,TALENTPROFILE
88,632,132,TALENTPROFILE
89,785,125,TALENTPROFILE
90,660,132,TALENTPROFILE
91,523,143,TALENTPROFILE
92,649,128,TALENTPROFILE
93,618,122,TALENTPROFILE
94,703,149,TALENTPROFILE
95,261,124,TALENTPROFILE
97,332,129,TALENTPROFILE
98,549,147,TALENTPROFILE
99,535,148,TALENTPROFILE
100,806,134,TALENTPROFILE
101,519,143,TALENTPROFILE
102,332,149,TALENTPROFILE
103,999,133,TALENTPROFILE
104,607,123,TALENTPROFILE
105,142,131,TALENTPROFILE
106,132,144,TALENTPROFILE
108,304,132,TALENTPROFILE
109,936,145,TALENTPROFILE
110,755,126,TALENTPROFILE
111,489,140,TALENTPROFILE
112,955,132,TALENTPROFILE
113,941,135,TALENTPROFILE
114,531,139,TALENTPROFILE
115,240,132,TALENTPROFILE
116,825,138,TALENTPROFILE
117,863,141,TALENTPROFILE
118,432,125,TALENTPROFILE
119,265,140,TALENTPROFILE
120,764,141,TALENTPROFILE
121,597,138,TALENTPROFILE
122,646,123,TALENTPROFILE
123,880,125,TALENTPROFILE
124,675,137,TALENTPROFILE
125,997,135,TALENTPROFILE
126,841,131,TALENTPROFILE
127,466,134,TALENTPROFILE
128,597,130,TALENTPROFILE
129,118,146,TALENTPROFILE
130,684,138,TALENTPROFILE
131,240,145,TALENTPROFILE
132,624,144,TALENTPROFILE
133,681,137,TALENTPROFILE
134,20,128,TALENTPROFILE
135,698,144,TALENTPROFILE
136,915,134,TALENTPROFILE
137,976,133,TALENTPROFILE
138,114,147,TALENTPROFILE
139,508,126,TALENTPROFILE
140,660,137,TALENTPROFILE
141,956,137,TALENTPROFILE
142,602,128,TALENTPROFILE
143,506,123,TALENTPROFILE
144,753,131,TALENTPROFILE
145,359,133,TALENTPROFILE
146,152,126,TALENTPROFILE
147,20,136,TALENTPROFILE
148,49,130,TALENTPROFILE
149,797,122,TALENTPROFILE
150,198,146,TALENTPROFILE
151,797,141,TALENTPROFILE
152,596,136,TALENTPROFILE
153,872,147,TALENTPROFILE
154,668,144,TALENTPROFILE
155,752,128,TALENTPROFILE
156,355,138,TALENTPROFILE
157,74,147,TALENTPROFILE
158,813,148,TALENTPROFILE
159,409,129,TALENTPROFILE
160,580,142,TALENTPROFILE
161,593,143,TALENTPROFILE
162,150,148,TALENTPROFILE
163,827,134,TALENTPROFILE
164,38,138,TALENTPROFILE
165,292,147,TALENTPROFILE
166,369,125,TALENTPROFILE
167,436,150,TALENTPROFILE
168,23,142,TALENTPROFILE
169,958,135,TALENTPROFILE
170,415,138,TALENTPROFILE
171,540,132,TALENTPROFILE
172,553,143,TALENTPROFILE
173,553,131,TALENTPROFILE
174,966,121,TALENTPROFILE
175,476,134,TALENTPROFILE
176,597,137,TALENTPROFILE
177,39,138,TALENTPROFILE
180,923,133,TALENTPROFILE
181,259,130,TALENTPROFILE
182,681,139,TALENTPROFILE
183,903,123,TALENTPROFILE
184,860,121,TALENTPROFILE
185,185,122,TALENTPROFILE
186,489,121,TALENTPROFILE
187,725,137,TALENTPROFILE
188,347,144,TALENTPROFILE
189,325,143,TALENTPROFILE
190,785,146,TALENTPROFILE
191,185,126,TALENTPROFILE
193,891,137,TALENTPROFILE
194,127,138,TALENTPROFILE
195,179,146,TALENTPROFILE
196,596,126,TALENTPROFILE
197,434,134,TALENTPROFILE
198,474,150,TALENTPROFILE
199,248,135,TALENTPROFILE
200,618,144,TALENTPROFILE
201,132,121,TALENTPROFILE
202,97,134,TALENTPROFILE
203,613,140,TALENTPROFILE
204,152,128,TALENTPROFILE
205,77,142,TALENTPROFILE
206,740,121,TALENTPROFILE
207,67,146,TALENTPROFILE
208,754,122,TALENTPROFILE
209,436,121,TALENTPROFILE
210,162,128,TALENTPROFILE
211,632,131,TALENTPROFILE
212,221,130,TALENTPROFILE
213,665,141,TALENTPROFILE
214,725,144,TALENTPROFILE
215,185,135,TALENTPROFILE
216,362,124,TALENTPROFILE
217,866,128,TALENTPROFILE
218,910,140,TALENTPROFILE
219,490,122,TALENTPROFILE
221,526,130,TALENTPROFILE
222,418,135,TALENTPROFILE
223,48,122,TALENTPROFILE
224,295,132,TALENTPROFILE
225,910,123,TALENTPROFILE
226,973,135,TALENTPROFILE
227,601,146,TALENTPROFILE
228,586,128,TALENTPROFILE
229,790,134,TALENTPROFILE
230,565,132,TALENTPROFILE
231,646,142,TALENTPROFILE
232,316,136,TALENTPROFILE
233,482,142,TALENTPROFILE
234,544,148,TALENTPROFILE
235,802,149,TALENTPROFILE
236,429,125,TALENTPROFILE
237,956,124,TALENTPROFILE
238,773,132,TALENTPROFILE
239,414,145,TALENTPROFILE
